customer_id,sum(purchase_amount)
2614,852.26
1023,791.98
577,785.0
4670,771.9599999999999
1282,761.7
3678,691.4300000000001
8576,688.9399999999999
474,674.0699999999999
8049,671.49
9667,655.04
5048,650.45
7300,650.28
5589,644.79
9755,635.79
2859,633.34
5478,629.78
1636,626.41
7305,623.9899999999999
8233,612.52
524,608.44
5327,605.44
8991,603.88
7302,603.4900000000001
7149,594.87
9584,590.11
5244,588.6800000000001
369,587.68
6677,584.5699999999999
1396,584.4300000000001
8785,582.2199999999999
6353,579.55
5441,576.78
3892,576.74
5020,575.27
5090,575.19
6928,569.91
8906,567.83
5917,565.2
9388,556.63
1260,551.66
9179,549.3199999999999
4862,549.01
5201,546.05
9212,545.15
6939,538.98
6620,537.12
9031,532.0
3708,531.77
8351,527.67
8463,521.73
4412,520.91
4840,520.85
4905,517.71
6751,515.09
5302,514.23
8481,512.98
4885,512.04
649,510.33000000000004
488,508.77
7758,508.36
4720,508.01
9618,506.79999999999995
6192,505.04999999999995
5988,504.61
948,503.94999999999993
8238,503.55
9447,500.91999999999996
3376,500.84000000000003
4251,500.26
4685,497.84
807,497.26
9624,496.55999999999995
4056,496.18
6248,495.15999999999997
1938,493.84999999999997
2915,493.18999999999994
5596,492.73
4435,492.44
8323,490.91999999999996
4249,490.1
9257,488.78
2528,487.9100000000001
6591,487.57
5872,487.34000000000003
6905,487.2800000000001
4388,487.0
161,486.1
8793,485.79999999999995
9340,485.55
9944,484.31
9011,483.2
4751,482.16
1673,482.15
3911,481.89000000000004
4425,481.23
3101,479.06
9829,479.01
1438,478.98
997,478.77
5710,478.33
6206,477.39
4024,477.23
3093,476.94
7523,476.57000000000005
428,476.42999999999995
6091,475.99
8933,475.53999999999996
7198,473.39
2153,472.68999999999994
5438,472.4200000000001
4697,472.34000000000003
2321,472.15000000000003
6506,471.88
1120,471.34000000000003
4298,467.18
5412,467.16
4762,466.85999999999996
6200,466.64
9506,466.52
752,466.08000000000004
4338,465.62
9431,464.35999999999996
9272,463.54999999999995
6285,463.51
2462,463.05
9785,462.96000000000004
4286,462.9200000000001
8329,462.28
564,461.96
6051,460.72999999999996
7415,460.45
1849,459.5
2120,459.48
1386,459.39
199,458.53000000000003
9086,458.34000000000003
9405,458.1
6111,457.88
8663,457.35
6197,456.95000000000005
5587,456.87999999999994
9194,456.53
6606,455.22999999999996
3160,455.22
7984,454.87
4748,454.83000000000004
2226,454.31000000000006
9490,453.55999999999995
5789,452.74
4490,452.35
1534,452.28
378,452.0799999999999
1340,452.02
5752,450.55
7630,450.34000000000003
5199,450.28
8251,449.02
2219,448.44000000000005
5321,447.52
1583,447.14
7692,446.93999999999994
954,446.84000000000003
4495,446.77
8472,446.34999999999997
900,445.47999999999996
8436,445.32
4349,445.28999999999996
3805,444.89000000000004
3730,444.15
2330,442.69
9459,442.59999999999997
3395,442.1700000000001
7244,441.69
5082,441.32000000000005
895,441.14
2757,440.83
5898,440.77000000000004
8540,438.95000000000005
3471,438.69
8224,438.19000000000005
4851,438.07000000000005
9503,436.93000000000006
2161,436.1
9097,435.09999999999997
5519,434.97
6309,434.66999999999996
9153,434.14
4453,434.07
1861,433.31999999999994
9352,432.71000000000004
387,432.58
3419,431.74
5506,431.53999999999996
7699,430.1
9157,429.65000000000003
1361,427.59
8720,427.55
3139,427.4099999999999
5497,427.06000000000006
116,426.92
1344,426.43
2364,426.09
2766,425.96000000000004
6832,424.03999999999996
2839,423.5400000000001
8141,423.45000000000005
761,423.4
3624,422.08000000000004
7593,422.06
5783,421.68000000000006
2193,421.57
3664,421.53
1579,420.32
605,420.14
2315,419.46000000000004
7646,418.68000000000006
1476,418.16999999999996
7431,418.02
914,417.03999999999996
4982,416.86
7408,416.27000000000004
4037,415.69
7382,415.54999999999995
7827,415.48
9985,415.05
9839,414.21000000000004
1612,413.89
7267,413.01000000000005
9114,412.81
4319,410.97
245,410.76
4116,410.49
3137,410.37
8276,409.35
4367,408.98
1623,408.11
202,408.0
6925,407.78999999999996
8235,407.46000000000004
5739,406.82
3929,406.77
1093,406.47999999999996
448,406.22
2257,405.61
6264,405.49
4401,405.15999999999997
4225,404.94000000000005
536,404.92
5245,404.76
5429,404.67999999999995
3226,404.62
7219,403.18000000000006
1639,403.03
6304,402.96000000000004
7816,402.25
2539,401.29
8860,400.96000000000004
4305,400.4
2719,399.11
7328,399.03999999999996
7254,398.84
1988,398.76
9882,398.59000000000003
2677,398.53
7858,397.92
1459,397.84000000000003
87,397.33000000000004
8077,396.99
1819,396.11
5231,395.78999999999996
1445,395.42999999999995
8812,394.04999999999995
816,393.95000000000005
623,393.89
1971,392.5
4754,392.24
3704,391.32000000000005
2216,391.21000000000004
6275,391.14
1872,391.12
8130,391.09
9702,390.94
2042,390.68
6041,390.59000000000003
9181,390.32000000000005
3340,390.20000000000005
544,389.88
6976,389.72
8641,389.37
3253,389.36
6403,389.28
5560,388.19
4644,387.98999999999995
751,387.33000000000004
7282,387.1
9178,386.83
9333,386.72
4509,386.57
727,386.52
4400,386.24
6503,386.15
5381,385.93
4871,385.93
1763,385.83
317,385.75
1761,385.66999999999996
870,385.01
2468,384.7
2500,384.63
447,383.94
6870,383.91999999999996
5119,383.84000000000003
2667,383.38
1153,383.29999999999995
9495,383.28999999999996
8257,382.27
1088,382.09999999999997
2951,382.08000000000004
2390,382.06000000000006
3945,381.76
3985,381.59999999999997
9767,381.28
5515,380.81
3050,380.43
4173,380.06999999999994
1600,379.68
6117,379.57
4606,379.01
7884,378.99
508,378.96
468,378.7
2646,378.10999999999996
7847,378.08
5630,377.99
8744,377.46999999999997
9481,376.71000000000004
8595,376.40000000000003
9660,375.56999999999994
8603,374.59000000000003
5215,374.44000000000005
82,374.13
625,374.08
606,373.74
6037,373.35
4114,372.99
5430,372.62
6408,372.15000000000003
7614,372.12
1020,371.99
5688,371.87
270,371.62
9032,371.44
459,370.96
3297,370.78
8126,370.7
5961,370.65
8269,370.64000000000004
9866,370.32
8761,370.19
9200,370.08
5859,369.71999999999997
5032,369.15999999999997
8415,368.1
4477,367.84000000000003
8333,367.74
1547,367.7
5330,367.69000000000005
1065,367.39
5622,367.03999999999996
1193,366.47999999999996
3986,366.46000000000004
2984,366.41999999999996
3711,366.28
1254,366.07
9420,365.94000000000005
7707,365.4
6439,364.64
2319,364.53999999999996
1125,364.34999999999997
6725,364.32
9262,364.25
7712,364.1
7528,363.43
6634,363.16999999999996
7092,363.09
9946,363.04
2805,362.9
2475,362.73
4966,362.18
3916,361.88
6225,361.84000000000003
6650,361.62
5765,361.6
1684,361.15
7079,361.12
6891,360.86
2075,359.97
462,359.93
3907,359.62
9949,359.61
5494,359.51
4977,359.31
1496,359.28999999999996
1057,359.23
4418,358.96999999999997
2422,358.86
244,358.82
7224,358.54
3592,358.13
417,357.49
8165,357.46000000000004
3574,357.2
2586,356.89
2385,356.85
3468,356.69
370,356.59000000000003
4682,356.47
6667,356.43999999999994
1258,356.41999999999996
4336,356.33
1896,356.02
2159,355.89
2752,355.82
2843,355.80999999999995
1598,355.64
894,355.27
957,355.06
8655,354.59999999999997
1967,354.35
7887,354.29999999999995
9347,353.99
5694,353.19
3721,352.85
4971,352.77
8101,352.52
9968,352.5
388,352.46
5759,352.15
4472,352.1
5686,351.94
2094,351.78999999999996
2670,351.74
739,351.11
4770,350.98
5867,350.82
3062,350.81
336,350.64000000000004
371,350.62
6875,350.6
8397,350.31
9269,350.02
1136,350.01
9271,349.84
8930,349.63
8073,349.48
8158,349.46999999999997
243,349.37
6504,349.22
8222,349.18
5729,348.9
7575,348.79
8203,348.34000000000003
2748,347.94
3223,347.67
3144,347.38
5797,347.36
3498,347.06
3255,346.94000000000005
5025,346.66
5907,346.53999999999996
7428,346.37
8398,346.35
513,346.16
319,345.68000000000006
5663,345.48
271,345.43
4583,344.96
863,344.88
3410,344.64
3241,344.33000000000004
3430,344.29
5360,344.06
1048,343.96
455,343.94
444,343.81
1873,343.48
9856,342.98
540,342.96000000000004
2218,342.87
6572,342.72
993,342.53
5722,342.25
4417,342.19
9916,342.16999999999996
2327,341.96000000000004
8986,341.95000000000005
6495,341.75
4242,340.91999999999996
1746,340.73
8996,340.64
5183,340.35
3187,340.14
5193,340.08
4263,339.87
6378,339.53
6401,339.48
7982,339.18
8881,338.96000000000004
851,338.95000000000005
4413,338.66
1069,338.63
5839,338.63
8909,338.31
7769,338.23
6323,338.21999999999997
2303,338.15999999999997
9776,337.70000000000005
7440,337.49
9810,337.24
4541,337.22999999999996
6514,337.08000000000004
9465,337.02
7731,336.68
5569,336.56
6526,336.49
921,335.75
9359,335.72
5997,335.69000000000005
2291,335.38
3068,335.29999999999995
602,335.28
9578,334.77
8274,334.48
2755,334.45000000000005
487,334.44000000000005
3442,334.44
7358,334.36
5324,334.27
260,333.98
2901,333.95
1848,333.77
1123,333.73
3593,333.69
3451,333.4
5606,333.38
4576,333.15000000000003
254,333.07000000000005
5671,333.07
2063,333.05
3590,332.93
4195,332.90999999999997
1959,332.84000000000003
3528,332.80999999999995
671,332.73
497,332.64
931,332.48
4382,332.44
4186,332.37
5398,332.22
3322,332.21999999999997
6839,332.13
4005,332.09000000000003
8918,332.09000000000003
99,331.94
3316,331.9
3891,331.75
7354,331.42999999999995
8754,331.18
9371,331.12
7093,330.89
846,330.49
6416,330.4
6761,330.28
5169,330.25
8818,330.09
7100,330.07000000000005
5584,330.01
4625,329.91
9540,329.78
3641,329.69
2151,329.64
2177,329.59000000000003
3567,329.55
6995,329.4
6365,329.29
4535,329.28999999999996
1066,329.19
3289,329.0
5578,328.99
6366,328.57000000000005
7326,328.4
4357,328.36
114,328.08
7196,327.89
1512,327.88
1490,327.52
2172,327.20000000000005
2149,326.97
8854,326.7
6208,326.69
4968,326.57000000000005
1791,326.39
9758,326.33000000000004
5443,326.2
1137,326.15999999999997
5796,326.13
699,325.95
9378,325.63
2401,325.57
7540,325.32
8124,325.09000000000003
3669,324.89
3973,324.74
4752,324.69
5322,324.51
2585,324.5
4549,324.07
4410,323.8
9815,323.72
1251,323.62
612,323.48
765,323.40000000000003
6914,323.37
7594,323.23
2091,323.03999999999996
4297,322.63
7416,322.57
287,322.57
4769,322.51
4050,322.09000000000003
5512,322.07
5681,322.04
63,321.89
425,321.48
6075,321.48
3215,321.47
3802,321.45
1223,320.68
7734,320.46000000000004
6545,320.27
3444,320.25
2461,319.88
3195,319.86
1632,319.81
7962,319.63
1817,319.44
1803,319.4
9928,319.39
2344,319.06
2095,318.97
5481,318.86
7377,318.76
9848,318.65
146,318.58000000000004
3940,318.51
6517,317.83000000000004
2231,317.81
4342,317.4
5947,317.39
7166,317.29
7662,316.92
1895,316.90999999999997
9439,316.58000000000004
8360,316.54999999999995
4280,316.49
7116,316.37
3655,316.24
715,316.07
4709,316.03
8099,316.01
2062,315.97
3737,315.27
8432,315.20000000000005
4151,315.06
1273,314.88
9581,314.82000000000005
2928,314.23
4157,314.21000000000004
1364,314.21
7910,314.15
4608,314.02
2621,313.92999999999995
5798,313.88
3125,313.61
8835,313.55
6682,313.46
1402,313.44
4212,313.43
7043,313.39
8176,313.26
9639,313.11
8814,312.38
9840,312.19
2333,311.94
8733,311.85
4176,311.59
6383,311.56
5708,311.34000000000003
891,311.25
9864,311.19
915,311.11
9720,310.84
8081,310.77
1728,310.46000000000004
6636,310.38
5826,310.28999999999996
1127,310.2
9091,309.86
5329,309.74
6607,309.72
1208,309.53
9317,309.5
7792,309.49
2782,309.48
3839,309.32
9832,309.31
6263,308.94
8283,308.90999999999997
7118,308.87
8514,308.81
2803,308.73
7860,308.31
8138,308.22
9659,307.88000000000005
2957,307.88
4275,307.62
2466,307.58000000000004
5978,307.56
9986,307.33
436,307.15
131,306.83000000000004
5975,306.82
9886,306.79999999999995
5562,306.69
6627,306.57000000000005
1773,306.2
5931,306.16999999999996
4517,306.14
4482,306.08
1506,306.03
517,306.0
4658,305.79
2093,305.63
6161,305.38
9443,305.36
3092,305.11
4429,305.05999999999995
5733,304.87
8010,304.79
4936,304.55
9224,304.39
7905,304.39
3279,304.26
9448,304.0
8579,303.76
9703,303.57
2618,303.51
669,303.46
7189,303.45000000000005
9045,303.18
3335,303.14
1590,303.01
6748,303.01
857,302.86
2171,302.51
1577,302.42
7357,302.08
4572,301.87
8813,301.72
1812,301.6
7475,301.6
2892,301.55
1637,301.31
1783,301.28
951,301.04
4070,301.01
2070,300.93
3984,300.77
1216,300.68
6963,300.64
6319,300.49
8465,299.9
3237,299.9
8095,299.71000000000004
4574,299.69
3855,299.23
4920,299.16999999999996
8727,299.07
9353,299.03
2454,298.66999999999996
3399,298.6
3810,298.37
7583,297.98
2195,297.95
537,297.78
4788,297.70000000000005
6390,297.6
4246,297.53999999999996
2197,296.92
8247,296.89
1551,296.77
1448,296.74
4542,296.69
5700,296.63
904,296.4
5079,296.36
8237,296.27
3966,296.26
5845,296.06
4376,295.9
4278,295.73
733,295.38
8229,295.35
426,295.34000000000003
2320,295.18
6774,295.12
9349,295.12
3270,295.08
3515,295.06
4533,294.97
8287,294.89
8145,294.58000000000004
2088,294.44000000000005
8713,294.44
4329,294.43
6181,294.40999999999997
9227,294.36
7533,294.28
4981,294.24
4462,294.16999999999996
5204,294.01
8014,293.96
1548,293.95
6160,293.57
3795,293.53999999999996
7365,293.40999999999997
3912,293.17
3098,292.7
3897,292.68
2411,292.63
1043,292.6
1855,292.41
1236,292.38
1204,292.36
4043,292.2
8490,292.03999999999996
7025,291.96999999999997
2823,291.52
596,291.40999999999997
4972,291.38
1805,291.13
6453,291.12
2082,290.93
1138,290.67999999999995
2536,290.61
2890,290.49
2441,290.43
1161,290.28999999999996
7345,290.28
9113,290.03999999999996
8053,289.75
5990,289.74
3004,289.68
7760,289.64
4180,289.57
8753,289.52
4370,289.37
818,289.23
7152,289.17999999999995
7434,289.02
3617,288.97
9678,288.94
7202,288.91999999999996
6951,288.89
9934,288.59000000000003
3425,288.52
201,288.45
1666,288.01
6830,287.57000000000005
5310,287.3
823,287.26
9025,287.1
3354,287.06
6500,286.94
389,286.94
6465,286.85
123,286.74
6783,286.71
7963,286.65999999999997
5529,286.55
7055,286.28999999999996
709,286.04
6689,285.94000000000005
9291,285.84000000000003
1933,285.78999999999996
473,285.63
7871,285.63
3679,285.5
9363,285.37
2966,285.17999999999995
8675,285.15999999999997
6034,285.03000000000003
8326,284.89
9355,284.85
1717,284.73
812,284.71
4614,284.61
4995,284.54
7413,284.27
6826,283.84999999999997
8111,283.73
6307,283.46000000000004
7567,283.43
5106,283.42
8670,283.06
7380,282.96
5897,282.93
7329,282.92
4090,282.78000000000003
2616,282.63
3898,282.40999999999997
7950,282.33
1423,282.18
9128,282.14
7995,282.04
8050,282.04
1957,282.01
4605,281.75
9599,281.63
2553,281.55
7741,281.54
713,281.53
8760,281.51
1293,281.51
6391,281.33
1335,281.02
8915,280.95000000000005
8193,280.82
7647,280.49
7008,280.38
1924,280.2
8954,279.81
4783,279.76
162,279.65
7888,279.64
2773,279.62
7775,279.6
5764,279.58
349,279.33000000000004
4749,279.32
4415,279.21000000000004
1444,279.14
6115,279.1
9016,278.99
4492,278.94
6310,278.82
6557,278.73
8327,278.58
7700,277.72999999999996
1007,277.7
4763,277.66
1735,277.49
6975,277.45
3609,277.40999999999997
6904,277.21
5005,277.17
6483,277.14
9971,276.62
2724,276.29999999999995
6575,276.20000000000005
7506,276.1
5150,276.04
9706,275.94
2273,275.86
7740,275.76
6470,275.68
9561,275.66
5399,275.64
1820,275.61
7034,275.37
661,275.29
3556,275.28
6944,275.13
8553,274.75
8728,274.62
2914,274.61
7763,274.57
7524,274.5
7718,274.32
1214,274.32
8468,274.15
38,274.13
6022,274.06
4888,273.97
1409,273.87
2157,273.78999999999996
9512,273.58
3025,273.03
5737,272.88
4999,272.85
5130,272.82
1415,272.53
5144,272.33
1277,272.21
6399,271.92
1212,271.9
4798,271.84
6015,271.7
7110,271.68
8693,270.97
7124,270.56
8982,270.43
5534,270.33000000000004
7486,270.28000000000003
4586,270.27
2269,270.17
9849,269.81
8882,269.78999999999996
9268,269.68
5142,269.53000000000003
2880,269.48
6561,269.32
9437,269.21000000000004
6472,269.14
6511,268.98
5290,268.9
4072,268.86
4073,268.84999999999997
2764,268.78999999999996
5576,268.62
6953,268.61
1910,268.58
7934,268.55
5833,268.49
7643,268.38
3003,268.32
1835,268.04
6651,268.04
8344,268.03
2206,267.9
4436,267.75
1535,267.68
3852,267.54
1712,267.5
1731,267.34000000000003
4593,267.32
1295,267.07
746,267.07
9081,266.8
9914,266.51
2619,266.48
9386,266.24
6989,266.19
6765,265.61
8960,265.61
3005,265.54
2130,265.49
2382,265.12
1314,265.05
794,264.82
9277,264.8
5405,264.68
4054,264.47
3710,264.2
2497,264.16
875,264.14
1847,264.08000000000004
3531,264.08
7085,263.95
659,263.82
7648,263.45
2547,263.05
9550,262.9
1593,262.9
1395,262.8
7728,262.79
3488,262.77
9637,262.54
2084,262.39
1876,262.28
3113,262.11
9037,261.72
9276,261.67
4444,261.5
5111,261.48
9482,261.26
2525,261.03999999999996
8715,260.87
1663,260.84
2356,260.58
8263,260.52
1271,260.42
1378,260.31
6002,260.16
2140,260.09
720,260.08
6720,260.02
2893,260.01
9092,259.65999999999997
2418,259.63
4690,259.63
278,259.51
3398,259.45
195,259.35
6817,259.03000000000003
2924,258.98
5963,258.98
5772,258.62
4891,258.58000000000004
1145,258.32
7872,258.28000000000003
2943,258.0
8072,257.90999999999997
1182,257.8
8847,257.75
1072,257.52
5136,257.45
1140,257.33
3689,257.32
9493,257.3
8137,257.15
4828,256.91
5633,256.86
5958,256.69
5450,256.59000000000003
1094,256.45
3833,256.4
2036,256.17
1531,256.03999999999996
2480,255.94
8214,255.86
892,255.75
886,255.73000000000002
2444,255.66000000000003
9196,255.58
1247,255.53000000000003
3975,255.52999999999997
2015,255.51000000000002
5348,255.38
2963,255.17000000000002
4261,254.97
9457,254.83
1194,254.75
5229,254.63
1829,254.60999999999999
9230,254.56
8590,254.42
6137,254.41000000000003
2332,254.31
1515,254.28000000000003
9246,254.13
1941,254.04000000000002
7853,253.76999999999998
502,253.56
8555,253.46
5870,253.14999999999998
5261,253.07
3371,252.88
2961,252.8
3155,252.77
9899,252.69
3519,252.27
4850,252.12
5556,252.09
2895,251.94
9007,251.73000000000002
3152,251.67
8090,251.66000000000003
1930,251.64
5436,251.63
5417,251.56
1104,251.5
9692,251.37
3206,251.36
344,251.35000000000002
9705,251.23999999999998
177,251.09
8439,250.97000000000003
1098,250.91000000000003
361,250.90000000000003
6603,250.82
5771,250.73000000000002
6368,250.67999999999998
3331,250.58999999999997
4022,250.58999999999997
2325,250.57999999999998
2590,250.31
6449,250.20999999999998
8007,250.10000000000002
8313,250.1
3879,250.07
8961,250.02999999999997
2877,249.9
2936,249.78
9825,249.53
6168,249.39999999999998
9631,249.3
3663,248.96999999999997
585,248.82
4076,248.77
8533,248.76
1596,248.68
7900,248.68
5419,248.57
7084,248.53000000000003
6080,248.47
6488,248.45
6679,248.42000000000002
1394,248.38
2167,248.20999999999998
5402,248.20999999999998
9797,248.01999999999998
5726,247.64000000000001
441,247.60000000000002
2555,247.56
3864,247.54
8804,247.53
2645,247.52999999999997
226,247.51
6529,247.37
2256,247.35999999999999
1480,247.33
7771,247.33
6654,247.3
1441,247.2
6486,247.02
8908,246.79
2224,246.78
1722,246.76
4737,246.74
5320,246.73
480,246.67
4894,246.60000000000002
1748,246.48000000000002
5283,246.36
5844,246.23000000000002
1844,246.14
7595,246.11
8239,245.81
101,245.77
5413,245.68
2135,245.53999999999996
8346,245.39
3484,245.34
4235,245.04
8878,245.01999999999998
3949,245.01999999999998
9954,245.01
103,244.69
4035,244.61
3673,244.56
7725,244.4
1605,244.4
4427,244.20999999999998
8271,244.07
2491,244.01
9891,244.01
8469,243.99
4639,243.95999999999998
1996,243.95
4134,243.84
1908,243.82999999999998
7543,243.79000000000002
2110,243.76
3390,243.67000000000002
4761,243.57999999999998
58,243.57999999999998
8464,243.54999999999998
9472,243.45999999999998
3372,243.42
9344,243.18
8284,243.15
9228,242.9
205,242.84
1353,242.82999999999998
5140,242.62
2972,242.61
7187,242.41
7125,242.37
9953,242.21
1557,242.21
8056,242.15
5970,242.14
2275,242.07999999999998
4634,242.05
1362,241.66
2896,241.63
5520,241.58999999999997
5904,241.58
3375,241.48999999999998
4303,241.48
1917,241.38
2761,241.37
2288,241.31
5580,241.25
7266,241.23
8082,241.10999999999999
2708,240.95
4948,240.89000000000001
3832,240.86
959,240.79000000000002
3861,240.76
9456,240.72
7373,240.7
8285,240.63
1166,240.57999999999998
6476,240.44
1963,240.32999999999998
3131,240.31
3184,240.25
323,240.22
2039,240.15
8773,240.01
1033,240.01
2965,239.82999999999998
6601,239.79000000000002
604,239.67000000000002
3359,239.51999999999998
2283,239.5
6067,239.45999999999998
700,239.29
1210,239.19
9348,239.14999999999998
2233,238.91
6076,238.82999999999998
3565,238.81
910,238.74
7351,238.62
2051,238.61
5893,238.44
819,238.28
7435,238.26
224,238.2
67,238.17000000000002
2201,238.09
6054,238.04
5514,237.98000000000002
6992,237.87
8546,237.78
5316,237.75
4584,237.62
9744,237.61
6027,237.57999999999998
2472,237.57
9904,237.55
6010,237.51999999999998
2371,237.42000000000002
835,237.40999999999997
2244,237.38
4701,236.71
8399,236.45000000000002
8312,236.39
6384,236.37
7945,236.23000000000002
7770,236.23000000000002
1171,236.08
5642,236.05
8989,235.49
9788,235.49
7508,235.47
5354,235.23
439,234.89999999999998
1253,234.81
9117,234.79
712,234.4
6838,234.24
9266,234.14000000000001
2496,234.09
2043,234.06
8183,234.03
329,233.98000000000002
3513,233.87
7658,233.86
9030,233.78
2372,233.69
4015,233.67000000000002
4122,233.64
4673,233.64
2237,233.63
5427,233.6
6797,233.6
4741,233.49
132,233.39000000000001
8450,233.29999999999998
4202,233.28
9015,233.11
5605,233.02999999999997
5718,233.01000000000002
566,232.84
3224,232.77
1113,232.70999999999998
3112,232.57999999999998
9477,232.48999999999998
7019,232.44
3085,232.24
4196,232.21999999999997
6376,232.2
8833,232.16
3636,232.13
9415,232.01999999999998
2860,232.01
7743,232.0
3625,231.91
6861,231.89000000000001
6092,231.88
2222,231.87
4990,231.82999999999998
5736,231.79
923,231.77999999999997
4887,231.74
3822,231.58999999999997
3525,231.55
9223,231.52
1469,231.4
8402,231.36
5067,231.26999999999998
6734,231.23000000000002
272,231.11
4628,230.98000000000002
3027,230.85000000000002
8591,230.76999999999998
1619,230.60999999999999
3544,230.57
4587,230.54000000000002
4580,230.51
1144,230.48999999999998
6278,230.44
8934,230.38
5437,230.31
4438,230.27999999999997
9012,230.1
9649,230.07000000000002
6993,230.0
9160,229.96
3497,229.81
8059,229.79999999999998
9609,229.5
7571,229.47000000000003
8608,229.45999999999998
1976,229.45
4824,229.43
3915,229.29
8186,229.26
6245,229.26
9233,229.08999999999997
3902,228.85999999999999
6456,228.73
6784,228.46
3540,228.45999999999998
187,227.94
7278,227.92000000000002
2289,227.77
2589,227.61
3467,227.4
2232,227.39
4364,227.33
3859,227.3
7470,227.29
6106,227.26
7517,227.18
2926,226.95
800,226.87
435,226.68
7366,226.68
2049,226.68
7713,226.67
6855,226.57
5614,226.46
8231,226.38
5194,226.32
9670,226.2
6749,226.01
374,225.88
2080,225.84
8372,225.79999999999998
4153,225.2
7067,225.07
6893,224.97000000000003
592,224.96999999999997
9828,224.85999999999999
7748,224.82999999999998
1101,224.82999999999998
2374,224.81
6214,224.71
5424,224.62
4039,224.62
3355,224.54
6426,224.47
4341,224.47
684,224.45
9739,224.39
9255,224.36
8922,224.35000000000002
2007,224.3
9807,224.23000000000002
9052,224.22
5869,224.2
562,224.18
3172,223.99
4300,223.98
8724,223.92000000000002
5394,223.88
1385,223.76000000000002
4185,223.55
3845,223.49
4775,223.45
2175,223.41
464,223.36
5684,223.2
2506,223.19
5689,223.15
3656,222.92000000000002
8069,222.8
3577,222.76
5052,222.7
8516,222.59
5170,222.45999999999998
8632,222.43
2694,222.33
4648,222.29000000000002
2735,222.23000000000002
7129,222.05
3654,222.01999999999998
1753,221.98
5232,221.81
7112,221.76
9400,221.76
4386,221.39999999999998
8952,221.2
4677,221.19
4980,220.97
5133,220.95
7109,220.91
6266,220.88
820,220.88
4756,220.82
7684,220.63
5393,220.63
6320,220.57
89,220.5
2397,220.44
5428,220.43
7987,220.38
3413,220.31
3742,220.18
678,220.14
3854,220.01
9751,219.91
3703,219.84999999999997
9174,219.69
8171,219.68
7902,219.64
864,219.62
8861,219.61
3749,219.37
2679,219.36
1183,219.33999999999997
4360,219.25
9425,219.04
7805,219.01
8392,218.99
1631,218.95000000000002
7772,218.64
1737,218.5
5799,218.44
5669,218.38000000000002
8308,218.31
4782,218.17000000000002
1801,217.85000000000002
4312,217.79999999999998
3825,217.60999999999999
3201,217.42
5313,217.34
5905,217.28
6641,217.15
3683,217.08999999999997
274,217.04
4063,216.77
6673,216.47000000000003
7259,216.3
9428,216.24
9732,216.22
558,216.17
2064,216.07999999999998
962,216.04
8140,215.83999999999997
2609,215.79
2510,215.77
710,215.76999999999998
966,215.75
1866,215.57
7698,215.55
1342,215.46
1326,215.46
8286,215.44
2038,215.26999999999998
4082,215.22
7610,215.17000000000002
2440,214.60000000000002
7039,214.6
4924,214.59
2416,214.59
9756,214.47000000000003
613,214.42000000000002
7114,214.41
7629,214.39
3932,214.26999999999998
3318,214.2
9830,214.1
2792,214.09
4705,213.96
9894,213.94
511,213.85999999999999
9782,213.8
6805,213.76
2362,213.69
98,213.59
3446,213.5
1000,213.39999999999998
9319,213.39000000000001
4947,213.38
2978,213.16
1738,213.01
6950,212.95999999999998
1768,212.65
3086,212.39
6669,212.31
1312,212.17
8654,212.16
8325,212.11
4273,211.76
735,211.57999999999998
4136,211.29
1284,211.19
2474,211.17000000000002
8218,211.07999999999998
8949,211.07
8294,210.94
4224,210.87
3875,210.79000000000002
5648,210.78
9708,210.69
5151,210.64
7587,210.56
7617,210.45
3631,210.4
1585,210.29999999999998
7970,210.20999999999998
985,210.07
4317,210.04000000000002
4838,209.99
5928,209.6
9707,209.59
4007,209.06
9996,208.95999999999998
3293,208.84
8621,208.42000000000002
2777,208.34
5176,208.29999999999998
9787,208.07999999999998
9764,208.03
3048,208.0
8334,207.88
7132,207.82
2522,207.79000000000002
9566,207.57999999999998
7205,207.32
5923,206.94
6195,206.85000000000002
759,206.85
1922,206.83999999999997
8453,206.79000000000002
4252,206.79
7340,206.76
1751,206.72000000000003
9259,206.69
7436,206.49
6609,206.4
4144,206.35
3642,206.28000000000003
5309,206.12
4861,206.1
2701,206.04999999999998
9046,206.03
6816,206.02
8875,205.92000000000002
4816,205.76999999999998
7941,205.73000000000002
2706,205.73
3054,205.61
9088,205.52999999999997
3263,205.5
8598,204.98000000000002
7733,204.85000000000002
4548,204.73
9201,204.66000000000003
5574,204.65
1772,204.64000000000001
9911,204.41
4962,204.39
4283,204.31
3136,204.26
1372,203.98000000000002
6006,203.89
3537,203.88
8292,203.78
2309,203.46999999999997
5559,203.43
3843,203.20000000000002
3439,203.14
1615,203.1
4506,203.1
4993,203.0
3516,202.99
3192,202.72
4797,202.61
3871,202.49
528,202.39
3393,202.37
1369,202.20999999999998
5749,202.17000000000002
5168,202.14999999999998
9279,202.08
9462,201.71
1703,201.63
1660,201.35999999999999
1442,201.35
4108,201.04000000000002
1187,201.01999999999998
8296,200.93
990,200.85000000000002
1001,200.81
4179,200.81
2470,200.74
3400,200.72
2902,200.57
9036,200.29000000000002
867,200.26
3715,200.18
4969,200.12
973,199.94
4869,199.93
2819,199.91
7652,199.87
7878,199.87
7252,199.84
6560,199.78
5820,199.77
476,199.72
1026,199.54
5002,199.49
7807,199.47
8544,199.46
2979,199.43
203,199.41
922,199.4
1826,199.38
5960,199.36
8151,199.36
7957,199.35
6150,199.35
2862,199.34
8808,199.32
8336,199.22
644,199.11
318,199.11
9628,199.05
6136,199.05
6335,199.04999999999998
7661,198.95
158,198.94
7911,198.93
554,198.92
2975,198.91
5357,198.9
6052,198.85
9416,198.8
4238,198.75
6281,198.75
4568,198.72
9458,198.72
6396,198.56
7501,198.55
1087,198.53
7929,198.53
4258,198.5
8414,198.5
790,198.45999999999998
6257,198.44
7050,198.37
4493,198.35
4668,198.23
3603,198.2
1643,198.1
6919,198.1
7160,198.07
4061,198.02
4874,197.95
8197,197.95
996,197.95
4177,197.93
9796,197.9
2566,197.9
1989,197.89
1328,197.88
2576,197.86
8990,197.84
9724,197.83
4652,197.81
5195,197.76
6897,197.73000000000002
240,197.66
6698,197.66
6299,197.64000000000001
5609,197.64
5637,197.64
8768,197.63
1658,197.60000000000002
8118,197.53
6764,197.52
9522,197.49
4778,197.49
8963,197.47
2584,197.42
3225,197.42
52,197.4
2102,197.4
8799,197.31
9000,197.23000000000002
1190,197.22
7616,197.19
1192,197.16
7868,197.13
3434,197.12
72,197.04
1630,196.89000000000001
2749,196.87
7188,196.85
6966,196.85
2659,196.84
6270,196.8
9873,196.73
7930,196.7
2532,196.54
6387,196.43
899,196.42
9332,196.37
4062,196.36
2729,196.33
5936,196.25
7920,196.22
5698,196.22
120,196.17
1696,196.15
3972,196.13
7446,196.1
3676,196.07000000000002
5463,196.05
2479,196.03
9583,196.02
7390,196.02
2318,196.01
289,196.01
837,195.96
3771,195.92000000000002
7896,195.92
9565,195.9
4430,195.85
3814,195.83
1723,195.81
1646,195.79
575,195.77
8377,195.75
9251,195.74
5240,195.72
6364,195.55
1740,195.54
3529,195.46
6962,195.45000000000002
5942,195.45
4241,195.4
4662,195.39000000000001
6752,195.36
5044,195.28
1477,195.24
5744,195.15
3203,195.07
6681,195.07
3122,195.0
832,194.94
6372,194.93
5809,194.9
2540,194.84
3491,194.8
9645,194.76
2783,194.74
4853,194.69
4933,194.66
9106,194.64
3517,194.61
762,194.60999999999999
13,194.59
611,194.53
5158,194.43
3030,194.42
5333,194.37
3956,194.35
8297,194.3
643,194.3
2672,194.22
549,194.2
2612,194.14000000000001
3323,194.13
7031,194.13
8213,194.13
3248,194.12
3950,194.06
1207,194.03
9327,193.85
1428,193.84
400,193.83
6109,193.83
8089,193.83
469,193.78
1114,193.76
6964,193.76
8003,193.75
1443,193.73
3157,193.72
8883,193.71
5178,193.56
4088,193.51000000000002
4393,193.49
2873,193.47
4071,193.43
955,193.38
5083,193.38
1034,193.3
4617,193.25
3863,193.2
8921,193.17
8219,193.17
3443,193.16
6332,193.13
6926,193.1
2407,193.09
6625,193.09
3104,193.07
7490,193.01
742,193.01
297,192.92
5666,192.88
5469,192.85
9360,192.79
9517,192.76999999999998
1331,192.74
8157,192.64
491,192.62
7840,192.62
2545,192.59
4530,192.57
4687,192.49
5377,192.37
7836,192.35999999999999
8086,192.33
5041,192.32
4957,192.31
2302,192.3
6331,192.28
3449,192.27
4403,192.26
6152,192.18
8897,192.13
5969,192.12
6345,192.07
5455,192.06
7306,192.04
7316,192.0
7399,191.95
2554,191.91
2648,191.83
3230,191.81
858,191.76
8805,191.76
3905,191.75
7089,191.72
9602,191.71
6490,191.71
7620,191.7
4896,191.68
1408,191.66
7495,191.64
2405,191.61
1100,191.51
814,191.44
8380,191.44
3026,191.4
8830,191.38
9260,191.38
7145,191.35
6633,191.34
1790,191.27
3653,191.26
7488,191.24
1614,191.21
843,191.15
6656,191.11
6906,191.0
3469,191.0
196,190.97
4143,190.9
9577,190.82
7012,190.8
3693,190.8
8586,190.76
8032,190.73
6357,190.72
8630,190.59
2424,190.57999999999998
1733,190.55
8766,190.55
6550,190.44
7463,190.39
682,190.39
5385,190.37
7937,190.3
7562,190.29
6819,190.27
1555,190.24
4844,190.23
2123,190.2
3697,190.16
4915,190.14000000000001
5727,190.13
7288,190.11
2831,190.08
57,190.08
483,190.08
6929,190.03
3762,190.0
6191,189.96
363,189.91
3314,189.86
9863,189.83999999999997
4032,189.82
8024,189.72
8042,189.71
5501,189.62
3847,189.57
5607,189.56
3343,189.46
731,189.28
362,189.26
9524,189.25
9424,189.24
8417,189.13
2920,189.11
778,189.1
3109,189.08
6171,189.07
1157,188.98
6123,188.97
6821,188.95
8742,188.84
3857,188.83999999999997
8738,188.81
737,188.74
1052,188.67
2450,188.64
6730,188.59
8661,188.57
9202,188.48
5060,188.46
232,188.42
8273,188.35
2579,188.33999999999997
4067,188.33
7752,188.31
1220,188.28
8324,188.27
2210,188.26
7102,188.20999999999998
9551,188.19
8682,188.14
3456,188.08
3601,188.02
7027,188.02
8794,188.0
3734,187.96
1170,187.86
9501,187.82
9139,187.79
9847,187.77
1276,187.75
9918,187.72
834,187.7
7520,187.68
3806,187.64
2081,187.64
266,187.57
1544,187.55
6696,187.55
4912,187.52
4208,187.51
6050,187.43
8687,187.36
5732,187.33
4029,187.16
2301,187.14
7810,187.11
1528,187.11
7130,187.07
2587,187.07
55,187.0
4636,186.93
9699,186.9
1462,186.87
6251,186.84
5621,186.82
1424,186.81
6428,186.77
5627,186.75
128,186.73
8571,186.69
7574,186.67
4394,186.63
2052,186.61
7046,186.61
61,186.52
3511,186.48
8617,186.44
7073,186.42
3925,186.38
4209,186.33
9248,186.33
2274,186.33
8288,186.31
847,186.25
7546,186.24
7455,186.22
7572,186.19
7688,186.16
9759,186.13
1540,186.05
7607,185.99
9330,185.99
7393,185.95
906,185.94
8315,185.86
34,185.85
2903,185.83
5615,185.83
5051,185.78
2962,185.75
4681,185.74
5355,185.70000000000002
9304,185.7
5228,185.56
2622,185.51
1080,185.51
6471,185.48
6155,185.47
3764,185.45
3447,185.42
3560,185.39
7951,185.38
7269,185.35
9010,185.32
7310,185.31
3043,185.27
45,185.26
3809,185.23000000000002
7755,185.19
3432,185.15
9422,185.13
4730,185.11
825,185.07
4322,185.06
8944,185.04000000000002
5157,185.02
6660,184.98
1888,184.96
2787,184.96
2745,184.96
7600,184.91
1179,184.9
5055,184.87
9470,184.82
3011,184.78
9124,184.78
6433,184.73000000000002
1256,184.62
7452,184.57999999999998
367,184.51
4459,184.51
3801,184.48000000000002
5786,184.46
9804,184.45
1356,184.44
2668,184.37
2790,184.34
4660,184.32
8374,184.3
4544,184.25
6129,184.01
1755,183.99
5028,183.96
6044,183.95
3477,183.89
2493,183.85
9303,183.82
7483,183.7
5238,183.66000000000003
8702,183.46
1091,183.46
2976,183.42000000000002
4433,183.41
9033,183.33
2754,183.31
7405,183.29000000000002
7651,183.27
5164,183.27
4359,183.2
1823,183.16
4281,183.12
1570,183.11
2544,183.0
9871,182.97
6521,182.85
4917,182.82
8841,182.79
7782,182.75
868,182.72
3217,182.71
3145,182.69
9129,182.64
677,182.59
1800,182.58
178,182.51
2841,182.5
3435,182.49
348,182.47
50,182.47
1759,182.42
6736,182.39
7650,182.38
7936,182.35
4935,182.33999999999997
8868,182.29
2848,182.28
1221,182.28
8440,182.26
2399,182.23
8388,182.23
4085,182.15
5657,182.12
189,182.11
5080,182.08
6770,182.04
6973,182.03
6417,182.0
7666,181.99
9354,181.98000000000002
5646,181.98000000000002
1265,181.94
860,181.93
5248,181.9
9243,181.9
704,181.73
7522,181.72
3576,181.68
8318,181.61
8534,181.55
4577,181.51
5127,181.5
3292,181.5
1436,181.49
2268,181.4
460,181.35
7862,181.35
4345,181.32
3770,181.31
6316,181.28
6392,181.24
7249,181.23999999999998
3081,181.23000000000002
8106,181.22
9148,181.2
9098,181.16
1788,181.16
4001,181.14
2604,181.14
6388,181.07
9209,181.03
3692,181.03
3264,181.0
7998,180.99
5188,180.96
6554,180.91000000000003
2033,180.68
1195,180.67
5328,180.65
5015,180.64
7241,180.62
4178,180.59
1878,180.51
7944,180.5
854,180.47
7768,180.41
4162,180.37
3507,180.34
273,180.33
5730,180.25
7639,180.23
5906,180.21
3820,180.2
5914,180.07999999999998
1621,180.06
5713,180.06
330,180.03
4753,180.01
7364,179.98999999999998
4600,179.94
5018,179.91
8195,179.85
4097,179.75
7258,179.75
8097,179.66
2980,179.64
9671,179.62
5378,179.61
5477,179.6
3019,179.58
6330,179.54
6812,179.46
5734,179.45999999999998
7938,179.4
4842,179.4
1250,179.4
2370,179.36
1209,179.34999999999997
714,179.31
3960,179.28
9393,179.26
6066,179.21
9062,179.21
2930,179.19
9992,179.18
5350,179.18
2531,179.16
7599,179.09
3231,179.04
6645,179.03
8075,178.97
6291,178.96
3778,178.93
4011,178.91
6095,178.89
9681,178.77
2986,178.72
4377,178.70999999999998
3366,178.61
9152,178.60999999999999
8486,178.56
9411,178.52
3872,178.4
567,178.38
2952,178.36
4243,178.36
773,178.24
598,178.18
5638,178.17000000000002
5466,178.17
4466,178.16
2776,178.1
9485,178.03
3133,178.0
9711,177.88
5147,177.83
5979,177.8
9921,177.74
9879,177.72
6631,177.70000000000002
7153,177.65
4643,177.58
1834,177.57
1097,177.5
6828,177.49
8117,177.43
3032,177.42
5475,177.36
2278,177.34
8487,177.27
3168,177.26
3364,177.21
325,177.17
4363,177.12
7161,177.0
942,177.0
5714,176.98
7006,176.9
9908,176.9
236,176.87
8573,176.86
6824,176.85
5012,176.85
5527,176.79
2166,176.78
1117,176.77
8442,176.76
7979,176.75
1323,176.7
8638,176.64
4299,176.64
4975,176.64
691,176.58
6744,176.56
8300,176.53
8180,176.47
3781,176.44
5190,176.42
937,176.41
3014,176.41
2821,176.29000000000002
3748,176.26999999999998
4882,176.21
2826,176.18
3964,176.12
3621,176.1
9943,176.1
5674,176.07
1060,176.0
4093,175.95
8236,175.92
7385,175.9
8521,175.89
5410,175.88
9125,175.86
8314,175.84
4397,175.72
7917,175.58
2368,175.57
2437,175.56
9774,175.4
8696,175.38
638,175.38
6434,175.36
6974,175.33
4970,175.29
9982,175.22
7430,175.22
4637,175.19
6143,175.09
3046,175.07
1263,175.06
6174,175.05
3304,175.0
9865,174.99
2598,174.96
4736,174.95999999999998
4758,174.84
9889,174.81
2592,174.79000000000002
9597,174.78
3630,174.78
4500,174.77
6851,174.77
8892,174.74
771,174.73000000000002
9069,174.69
841,174.59
3060,174.58
3753,174.56
7179,174.56
6596,174.56
6544,174.54
456,174.53
4960,174.52
5101,174.5
422,174.48
6589,174.42
4140,174.38
1885,174.19
6145,174.17
7981,174.16
7965,174.16
2858,174.12
5474,174.11
1736,174.11
5129,174.08
154,173.88
5624,173.86
741,173.85999999999999
7975,173.82
5885,173.82
7653,173.78
1879,173.76
8047,173.73
6000,173.72
1074,173.57
8664,173.53
4683,173.53
4696,173.52
4711,173.52
907,173.42000000000002
7749,173.32
5724,173.23
3978,173.2
5143,173.2
1311,173.19
8505,173.17000000000002
299,173.14
1437,173.14
5827,173.11
2117,173.11
8008,173.05
4796,173.01
7655,173.01
6467,173.0
5456,172.93
96,172.92
3254,172.89
7479,172.89
8401,172.88
2282,172.81
145,172.70999999999998
1111,172.66
458,172.59
9385,172.59
4279,172.56
6795,172.49
8739,172.49
1997,172.45
5089,172.39
8725,172.38
8156,172.33
5911,172.32
2638,172.3
3895,172.3
764,172.28
1107,172.27
4561,172.24
4038,172.19
8507,172.18
1549,172.15
7500,172.13
7552,172.13
6665,172.07
5154,172.03
9987,171.98000000000002
7855,171.95
512,171.89
4004,171.88
9418,171.86
4337,171.86
5536,171.84
188,171.84
5374,171.82
2114,171.8
9220,171.7
7052,171.67
8155,171.66
8704,171.62
5016,171.59
2854,171.55
4691,171.49
7330,171.45000000000002
7899,171.43
1651,171.39
8884,171.39
8936,171.37
6352,171.22
8914,171.21
6243,171.18
4481,171.16000000000003
6675,171.16
4306,171.12
6571,171.05
813,171.05
251,171.03
3381,171.02
6814,170.87
2050,170.83
372,170.79
1325,170.75
9529,170.71
5604,170.7
2293,170.67
1690,170.61
9662,170.58
9019,170.55
1744,170.54
3151,170.46
6713,170.44
2728,170.4
183,170.24
7001,170.19
4378,170.18
5334,170.15
5860,170.14
1122,170.04
69,170.0
8057,169.85
9232,169.81
9173,169.78
1887,169.75
8132,169.74
8942,169.74
6892,169.67
2720,169.59
4675,169.54
6178,169.31
8022,169.28
4100,169.27999999999997
8541,169.27
6604,169.23
2711,169.0
6140,169.0
3183,168.99
9511,168.91
8657,168.87
7230,168.85
9964,168.84
9718,168.82999999999998
7708,168.79000000000002
290,168.74
5600,168.72
1563,168.69
9559,168.64
1230,168.53
5368,168.45
7438,168.44
8789,168.33
1685,168.31
7111,168.3
5110,168.25
8390,168.23
2935,168.21
8017,168.19
3039,168.18
557,168.12
9690,168.11
6931,168.1
2746,168.06
1061,167.87
6754,167.85
9407,167.79
7462,167.78
1857,167.7
4693,167.64
5165,167.62
6594,167.6
8737,167.58
1655,167.53
6672,167.51000000000002
6371,167.45
7627,167.42
6670,167.41
9161,167.39999999999998
6349,167.36
5971,167.34
4963,167.33
3510,167.31
3994,167.31
4640,167.31
3087,167.29
651,167.25
650,167.21
9719,167.2
7320,167.15
3866,167.14
3974,167.13
73,167.09
7591,167.06
6020,167.05
4058,167.02
366,166.94
2317,166.94
8801,166.91
3751,166.81
9691,166.8
783,166.77999999999997
4101,166.74
9432,166.71
831,166.67
5062,166.65
9054,166.65
7820,166.64
8110,166.62
6004,166.61
2634,166.6
6019,166.54
5166,166.49
5987,166.48
6737,166.42
5890,166.4
4115,166.38
7058,166.35
3212,166.35
9446,166.32999999999998
6788,166.3
8368,166.2
8020,166.12
7784,166.09
3431,165.95
2931,165.95
2885,165.86
3844,165.84
8028,165.8
326,165.79
6708,165.79
8626,165.78
7766,165.74
8614,165.72
8305,165.71
4906,165.68
5962,165.59
1952,165.57
8091,165.54
7989,165.49
3179,165.48
3928,165.48
8000,165.45
7892,165.41
9831,165.41
5454,165.38
9852,165.35
5103,165.31
1079,165.31
7042,165.29999999999998
989,165.22
3259,165.19
3532,165.1
3947,165.07999999999998
5485,165.03
5156,164.97
663,164.91
7448,164.84
9661,164.78
8711,164.71
296,164.65
7401,164.65
7589,164.6
2637,164.59
1511,164.53
6463,164.51
5572,164.5
8584,164.5
1382,164.47
8352,164.46
2324,164.41
3164,164.36
9066,164.33
2662,164.32
9055,164.25
9498,164.2
4944,164.11
8260,164.06
6551,164.06
5618,164.02
9623,164.01
4395,163.95
8109,163.91
1986,163.91
9549,163.89
2001,163.86
9476,163.82
7613,163.8
7518,163.78
9803,163.76
3246,163.73
8369,163.71
7512,163.71
9665,163.68
8683,163.67
322,163.65
8172,163.64
3668,163.5
5499,163.45999999999998
5448,163.38
8797,163.33
1949,163.32
1610,163.32
1955,163.29
4069,163.21
4744,163.16
6808,163.14000000000001
2894,163.1
3423,163.07
4809,163.04
1387,162.97
4165,162.95
5503,162.9
5243,162.89
5889,162.88
6523,162.82
8759,162.8
1559,162.73000000000002
3701,162.7
3064,162.67
6977,162.61
2357,162.58
1854,162.58
5716,162.56
9978,162.56
1232,162.55
6781,162.53
445,162.53
214,162.46
3373,162.45999999999998
5116,162.33
6070,162.23
6971,162.2
6879,162.18
9746,162.1
3834,162.06
2606,161.91
6763,161.91
5308,161.9
5247,161.89000000000001
5483,161.85
7874,161.8
7553,161.72
7838,161.68
8593,161.68
8962,161.62
6836,161.61
6579,161.61
4457,161.56
1502,161.56
7678,161.39
2295,161.32999999999998
6258,161.32
4852,161.31
21,161.3
5847,161.14999999999998
7912,161.13
2030,161.07999999999998
3045,160.99
4123,160.89999999999998
5986,160.83
8749,160.82
3893,160.79
4531,160.69
7877,160.66000000000003
1201,160.57999999999998
5339,160.39
861,160.37
3462,160.33
2000,160.24
6528,160.21
179,160.21
7296,160.2
7539,160.16
9509,160.15
6344,160.1
7675,160.06
1508,160.01
2716,159.98
3886,159.96
6787,159.94
2427,159.92000000000002
930,159.92
7201,159.91
6450,159.9
7421,159.86
4026,159.84
5202,159.84
1920,159.79
2785,159.56
725,159.55
9184,159.55
979,159.48
6724,159.44
2392,159.43
1471,159.32
1225,159.3
2629,159.28
8425,159.28
2489,159.27
6772,159.20000000000002
9135,159.08999999999997
675,159.08
465,159.06
509,159.05
1450,159.04000000000002
7017,159.03
4021,158.99
9239,158.97
9854,158.93
7744,158.83
6141,158.82
5602,158.79
8869,158.75
4161,158.7
140,158.62
8206,158.62
7245,158.61
8345,158.59
4817,158.57
7146,158.53
9132,158.46
548,158.45
7341,158.36
7049,158.23
9497,158.22
6158,158.2
3404,158.18
4795,158.07
2564,158.03
9146,157.99
9334,157.94
8448,157.89000000000001
3818,157.83
341,157.79
6085,157.73000000000002
2740,157.68
2657,157.65
8658,157.59
949,157.59
8898,157.58
8159,157.56
4194,157.52
3670,157.46
1604,157.44
4266,157.35
284,157.34
5484,157.27
3558,157.25
1162,157.23000000000002
1156,157.23
6507,157.16
8406,157.03
1106,156.97
29,156.95
4961,156.9
3362,156.86
665,156.85
6455,156.85
4232,156.79000000000002
9274,156.79
4984,156.78
6374,156.77
5591,156.63
4113,156.44
7192,156.4
2652,156.38
4267,156.37
862,156.28
617,156.04
3724,156.0
8863,156.0
8407,155.96
753,155.87
6230,155.74
248,155.68
9187,155.65
7426,155.64
3317,155.60999999999999
1758,155.53
8054,155.53
8637,155.49
9766,155.49
3799,155.44
321,155.35
4217,155.34
6090,155.26
9723,155.22
5720,155.22
8597,155.18
7216,155.13
395,155.01999999999998
8120,155.01999999999998
3717,155.0
8968,154.99
5750,154.96
6626,154.96
5404,154.95
2813,154.94
7163,154.93
4647,154.88
9821,154.87
755,154.87
6420,154.84
9610,154.82
987,154.67
2683,154.65
8770,154.61
3063,154.6
9892,154.57
5552,154.53
2363,154.5
113,154.4
4121,154.4
3982,154.39
9786,154.38
6719,154.24
8228,154.23
9598,154.22
8422,154.21
5361,154.19
7456,154.10999999999999
4578,154.1
8502,154.1
9704,154.04
666,154.0
9521,153.97
9880,153.91
3427,153.78
7554,153.73
6042,153.71
7147,153.7
3934,153.7
1055,153.64
6087,153.64
358,153.63
9926,153.61
3453,153.61
2710,153.59
6298,153.57
784,153.56
6294,153.52
7389,153.47
9123,153.44
7374,153.44
616,153.41
4474,153.4
4837,153.4
8340,153.4
9214,153.4
9381,153.35000000000002
5268,153.34
9765,153.29
9813,153.25
4694,153.23
1518,153.22
7487,153.21
3218,153.11
6956,153.1
8350,153.08
3846,153.04
9168,152.93
8668,152.89
1603,152.88
1042,152.85999999999999
6411,152.79
5566,152.75
5022,152.69
3078,152.64
2308,152.56
6652,152.53
8518,152.5
5203,152.46
4065,152.45
1960,152.42
5504,152.42
8902,152.37
7538,152.35
6789,152.34
525,152.3
7581,152.25
4560,152.14
5855,152.14
9256,152.09
6339,152.04
9172,151.99
6726,151.96
4772,151.95999999999998
5403,151.9
6735,151.86
9469,151.82
1262,151.69
570,151.67
5373,151.63
9727,151.54
8851,151.51
7404,151.47
9489,151.45
1961,151.27
2389,151.25
1063,151.22
600,151.18
872,151.17
5045,151.12
7040,151.09
7243,151.04000000000002
2209,151.02999999999997
510,151.02
8550,150.98
7893,150.97
9056,150.92
5102,150.91
7580,150.9
898,150.77
6820,150.73
967,150.73
8376,150.71
2798,150.69
8784,150.64000000000001
9920,150.59
3566,150.5
8484,150.26
9154,150.25
9845,150.25
4092,150.21
6664,150.18
7537,150.18
2635,150.16
5159,150.16
7289,150.14
984,149.99
7542,149.93
3262,149.92
4654,149.87
2793,149.86
2259,149.84
3827,149.83
750,149.82
1206,149.72
4190,149.71
5259,149.71
7453,149.68
2067,149.67000000000002
4066,149.64
3207,149.63
5746,149.63
7681,149.62
9874,149.6
7833,149.59
9087,149.51
5725,149.5
3850,149.43
6045,149.42
8782,149.38
3437,149.25
3643,149.25
8803,149.24
3995,149.2
495,149.18
9736,149.18
14,149.16
6874,149.15
7235,149.11
4389,149.1
9070,149.1
8016,149.05
2322,149.01
3470,149.01
9861,148.97
6584,148.96
8094,148.94
1336,148.93
5331,148.85
5049,148.85
8880,148.84
4755,148.82
9435,148.81
3095,148.75
8900,148.74
2181,148.71
9112,148.67
2802,148.66
1392,148.59
4149,148.58
2572,148.49
8876,148.47
7323,148.4
8201,148.37
8946,148.3
2685,148.28
9150,148.28
5811,148.27
2601,148.23
6497,148.17
4526,148.15
5167,148.14
2298,148.13
4833,148.02
3252,148.01
6701,148.01
9122,148.0
8291,147.97
3579,147.95999999999998
5802,147.95
7717,147.92
734,147.91
9526,147.91
9460,147.82999999999998
2875,147.82
7727,147.79
7449,147.75
1770,147.67
6663,147.66
4802,147.65
4003,147.64
1741,147.63
5492,147.62
2548,147.56
1160,147.54
2738,147.54
5498,147.5
5546,147.46
4475,147.44
4618,147.44
2430,147.43
8838,147.39000000000001
1937,147.33
427,147.31
7387,147.28
5881,147.27
3190,147.23000000000002
1407,147.21
8964,147.19
9197,147.18
2889,147.18
7349,147.13
4764,147.13
6999,147.07999999999998
6313,147.07
9534,147.04
5416,147.02
8479,147.01
4409,146.96
1118,146.95
9994,146.92
2678,146.91
9801,146.89
8144,146.86
4332,146.83
3221,146.75
3379,146.68
9589,146.65
2675,146.53
1782,146.52
2732,146.43
4315,146.38
5362,146.3
337,146.28
5445,146.15
246,146.11
7088,146.05
8748,146.01
1248,145.94
8635,145.91
8129,145.86
926,145.82
5295,145.81
5852,145.77
8781,145.76
6580,145.73
2188,145.72
7560,145.65
7497,145.58
897,145.57999999999998
1767,145.39
4236,145.35
5550,145.34
6556,145.34
6968,145.33
2697,145.31
5092,145.29
1497,145.24
2994,145.12
903,145.12
5435,144.99
7565,144.98
7075,144.73
8941,144.7
5639,144.67
9029,144.57
5145,144.55
8714,144.53
2127,144.35
9576,144.33
6096,144.28
1769,144.22
9404,144.22
3123,144.1
7815,144.05
642,143.96
42,143.89
1825,143.82999999999998
4695,143.73
7319,143.72
3361,143.71
1489,143.66
6133,143.66
2682,143.62
265,143.6
2413,143.58
6920,143.57
6118,143.57
932,143.56
5162,143.54
8836,143.53
5043,143.52
3414,143.49
5635,143.48
2124,143.47
780,143.45
8565,143.44
8152,143.38
2481,143.36
2125,143.36
662,143.29
9358,143.25
6693,143.24
7174,143.23
6198,143.22
5187,143.22
2523,143.19
3457,143.08
3910,143.07999999999998
2016,143.07
7108,142.97
9858,142.96
316,142.95
7227,142.93
1105,142.9
4504,142.88
705,142.86
368,142.83
1584,142.73
4718,142.69
7585,142.68
1675,142.63
3583,142.59
1045,142.58
26,142.57999999999998
328,142.56
2651,142.5
3227,142.48
9180,142.37
7279,142.33
3838,142.32
9421,142.24
3900,142.22
3962,142.20000000000002
4952,142.19
7375,142.18
8601,142.16
4599,142.09
5030,142.08
3197,141.95
5679,141.92
9542,141.88
6451,141.84
2247,141.83
3671,141.78
938,141.74
7694,141.7
7292,141.69
3765,141.64
6705,141.63
5123,141.61
8671,141.55
1239,141.53
5972,141.5
9548,141.47
5256,141.45
3020,141.29
961,141.16
8446,141.16
2035,141.13
2433,141.09
8192,141.07
1700,141.03
5767,141.01
7603,140.99
9896,140.92000000000002
408,140.81
5528,140.77
2164,140.75
1669,140.72
5141,140.7
1923,140.64
2358,140.63
507,140.48
2305,140.41
2402,140.4
7184,140.33
1289,140.25
1635,140.21
4698,140.13
9299,140.13
2022,140.11
6546,140.02
9021,139.97
9308,139.87
5751,139.81
5899,139.8
8148,139.8
7536,139.79
769,139.77
4676,139.72
5306,139.7
7388,139.68
1689,139.67
1524,139.64
9672,139.57999999999998
6187,139.51
8719,139.5
7144,139.41000000000003
2041,139.32
7120,139.3
9467,139.25
91,139.21
8780,139.2
4128,139.19
4354,139.12
9925,139.1
2057,139.1
5629,139.08
8974,139.07
9368,139.01999999999998
1724,138.98
1355,138.95
2673,138.93
2699,138.85
1692,138.81
130,138.76
935,138.74
6058,138.68
7457,138.66
6878,138.65
7978,138.64
4053,138.63
9726,138.5
4745,138.34
1479,138.29
6548,138.26
8609,138.24
9343,138.15
8150,138.11
3034,138.1
6896,138.07
3667,138.07
718,138.07
6898,138.04
3036,138.01
2879,138.0
4295,137.98
1701,137.86
2632,137.82
9403,137.8
3058,137.78
9927,137.67
4488,137.67
157,137.66
943,137.66
1338,137.61
1226,137.56
4651,137.49
8419,137.3
6112,137.22
6432,137.19
8532,137.11
4832,137.06
983,137.05
5345,137.04
4899,137.0
1792,136.96
7336,136.88
3374,136.83
9219,136.74
5957,136.65
2653,136.59
958,136.58
8858,136.58
8718,136.56
4098,136.55
8041,136.55
9275,136.51
5835,136.51
6616,136.49
3564,136.48
8179,136.48
4499,136.46
4220,136.45
4739,136.44
9163,136.41
8036,136.39
3666,136.31
9741,136.29
5344,136.26
5336,136.26
94,136.14
4680,136.12
5126,136.02
8582,136.0
3193,135.94
3487,135.89
9605,135.87
4868,135.79
4419,135.78
3894,135.77
743,135.7
4801,135.69
4516,135.64
9461,135.62
7759,135.6
7649,135.59
5717,135.57
1484,135.54
1228,135.47
2263,135.45
9409,135.43
7530,135.42000000000002
5301,135.37
829,135.28
8169,135.26999999999998
4609,135.19
9558,135.17000000000002
8538,135.15
3272,135.05
3840,135.05
2403,135.04
6617,135.03
7534,135.03
6469,135.01999999999998
8400,134.98
1749,134.92
5291,134.89
6209,134.87
3175,134.8
7839,134.71
1316,134.64
4318,134.62
3920,134.49
9366,134.4
4008,134.36
5850,134.32
1828,134.25
9020,134.25
2649,134.24
6431,134.2
7825,134.16
352,134.16
1982,134.15
6249,134.14
2104,134.09
7223,134.01
3944,133.98
6438,133.96
628,133.94
3007,133.87
6322,133.84
2106,133.61
1196,133.61
1575,133.60000000000002
7659,133.6
8927,133.54
4191,133.52
419,133.5
9762,133.5
2277,133.49
5019,133.46
4967,133.44
655,133.42
9023,133.38
8066,133.38
1410,133.36
963,133.33
9995,133.32
4950,133.31
8810,133.22
1962,133.21
8198,133.2
8535,133.16
1135,133.14
1521,133.13
7208,133.11
1778,133.09
1764,133.09
1294,133.07
4979,133.03
8033,133.02
6618,133.01
4292,133.01
6170,132.97
944,132.89
4260,132.89
5007,132.89
8776,132.88
3059,132.86
7819,132.83
7295,132.79
9827,132.76
1804,132.75
7667,132.67000000000002
4448,132.66
5001,132.64
6859,132.64
7739,132.59
4787,132.57
9374,132.5
5922,132.5
8127,132.48
1016,132.45
4483,132.42000000000002
4160,132.42
6065,132.41
7411,132.36
9410,132.27
3552,132.24
9544,132.18
4240,132.17
6146,132.14
9156,132.1
6179,132.08
1068,131.93
4155,131.91
7313,131.91
657,131.86
9947,131.79
1676,131.75
8889,131.6
3996,131.59
3726,131.55
885,131.52
8919,131.48
8096,131.44
8139,131.43
5654,131.35
1184,131.34
7407,131.3
6983,131.24
8887,131.23
7949,131.22
6427,131.22
59,131.21
2642,131.18
3205,131.11
9235,131.07
6397,131.01
5836,130.98
7018,130.96
9320,130.93
9674,130.92000000000002
9028,130.88
6114,130.88
8740,130.86
3890,130.84
2690,130.66
7691,130.64
5814,130.61
3428,130.51
5541,130.47
2255,130.46
8690,130.43
2089,130.42000000000002
624,130.42
8966,130.34
5397,130.33
2524,130.27
7176,130.26
8967,130.24
1128,130.16
7909,130.15
4330,130.15
7063,130.13
4818,130.05
5603,130.02
5590,129.99
9850,129.89
9962,129.88
2103,129.8
2350,129.73
6978,129.7
5985,129.68
228,129.67
4041,129.63
4135,129.6
9603,129.57
3747,129.54
307,129.51
8613,129.47
9538,129.42000000000002
8666,129.42
6938,129.38
2211,129.34
7983,129.31
2695,129.25
2060,129.25
6286,129.23
381,129.2
4016,129.12
7451,129.08
8551,129.05
648,129.04
2152,129.02
5217,128.96
1931,128.96
4476,128.9
8454,128.87
8382,128.85999999999999
3489,128.84
7480,128.74
5787,128.73
3743,128.7
9510,128.7
3991,128.62
7869,128.52
3761,128.48
4774,128.47
8389,128.44
7932,128.44
283,128.41
7986,128.41
5220,128.37
9270,128.27
430,128.26
6549,128.17000000000002
2342,128.17
7817,127.93
3035,127.93
4588,127.9
4156,127.85
7674,127.77
2812,127.75
3311,127.74
8379,127.73
7481,127.63
4247,127.60000000000001
542,127.6
5088,127.6
7368,127.47
6969,127.47
1602,127.46
3755,127.44
8303,127.38999999999999
1668,127.28
5801,127.26
3229,127.26
7592,127.23
7800,127.14
124,127.13
8825,127.03
1455,126.99
6916,126.96
503,126.94
3163,126.93
49,126.88
2012,126.87
2473,126.84
80,126.84
911,126.84
8692,126.82
8650,126.75
7924,126.75
1222,126.69
1358,126.69
6459,126.68
717,126.67
1661,126.61
7914,126.6
9182,126.59
3165,126.56
8506,126.56
2660,126.47
1493,126.41
5939,126.39
3016,126.35
171,126.33
8628,126.31
8802,126.29
6188,126.25
4404,126.22
3,126.19
5085,126.17
208,126.14
9137,126.12
3365,126.11
279,126.1
721,125.93
3412,125.89
9480,125.88
6758,125.85
8994,125.8
2294,125.66
9560,125.66
4522,125.64
4052,125.61
4049,125.59
5014,125.53999999999999
1380,125.53
828,125.48
9339,125.47
601,125.22
333,125.18
9778,125.12
4938,125.11
3384,125.1
3922,125.08
1974,125.02
4169,125.0
3106,124.93
8646,124.86
7823,124.82
2146,124.81
229,124.75
1802,124.72999999999999
9897,124.71000000000001
8866,124.7
2954,124.7
4579,124.68
9096,124.67
5426,124.67
119,124.62
3249,124.5
9571,124.44999999999999
2759,124.42999999999999
1286,124.42
4452,124.4
7263,124.38
6059,124.37
9105,124.35000000000001
7352,124.33
47,124.32
4997,124.31
4218,124.31
3341,124.26
144,124.22
95,124.17
8564,124.14
4164,124.12
5139,124.09
8798,124.08000000000001
6997,124.08
6494,124.08
4227,124.05
6833,124.03
1367,123.94
3586,123.8
6231,123.73
2376,123.69
877,123.6
6562,123.57
6940,123.53999999999999
9338,123.42
6169,123.41
8262,123.38
6113,123.36
1514,123.25
394,123.23
6657,123.22
5511,123.03
1911,123.00999999999999
4661,122.99000000000001
5966,122.97
3524,122.96000000000001
3495,122.94
8855,122.94
3569,122.84
5056,122.81
3738,122.81
7515,122.8
7830,122.78999999999999
707,122.78
6844,122.75
2837,122.72999999999999
4213,122.7
8052,122.67
1719,122.64
6941,122.63
9313,122.61
4014,122.6
6829,122.53999999999999
10,122.53
1833,122.47999999999999
8578,122.38
8783,122.38
5042,122.34
7140,122.33
5071,122.28
8879,122.28
3578,122.21
530,122.12
6017,122.09
2386,122.07
2753,122.04
2265,122.03
3622,122.02
3298,122.0
6016,121.93
1333,121.92
5840,121.84
467,121.83
9979,121.75
9619,121.7
8735,121.7
4954,121.62
2973,121.57
4799,121.51
8225,121.48
4507,121.42
2134,121.38
256,121.38
5059,121.36999999999999
9533,121.35
3835,121.34
3752,121.17
5300,121.16
8618,121.07
9170,121.05999999999999
7471,121.02
5282,121.0
8681,120.99
6519,120.91
5977,120.91
9895,120.83
4641,120.69
6014,120.57
5037,120.55
477,120.54
2953,120.50999999999999
7875,120.44
6216,120.44
4895,120.41
3118,120.37
6740,120.35
5843,120.31
2435,120.31
5395,120.23
7695,120.17
2970,120.16
345,120.01
8951,120.0
9093,119.75
7787,119.69
7964,119.58
7002,119.54
888,119.51
8187,119.45
147,119.42
2031,119.41
7527,119.39
1304,119.36
7801,119.36
4665,119.29
5233,119.27
6425,119.23
9976,119.23
1576,119.2
414,119.14999999999999
3887,119.07
2516,119.04
7442,118.97
4174,118.96
5335,118.94
8243,118.9
4463,118.88
4124,118.87
148,118.83
541,118.83
1324,118.73
9554,118.72
2457,118.69
3261,118.65
5024,118.63
5780,118.63
2019,118.55
9750,118.53
218,118.46
4873,118.44
30,118.42
8634,118.4
9238,118.39
424,118.39
1466,118.38
556,118.14
927,118.1
490,118.03
3169,117.98
5553,117.93
1537,117.83
3386,117.73
5277,117.7
3291,117.62
1467,117.5
5275,117.44
5900,117.43
7897,117.42
4881,117.31
5315,117.22
3369,117.13
4133,117.12
1307,117.11
9993,117.03999999999999
3939,117.02
184,117.0
6341,116.99
6746,116.97
8545,116.91999999999999
2077,116.87
2565,116.86
9680,116.84
6385,116.68
8266,116.67
5160,116.49000000000001
7117,116.48
4469,116.41
652,116.39
6462,116.36
6124,116.32
8249,116.3
4513,116.16
5854,116.12
446,116.0
7824,115.99
3718,115.95
6448,115.69
7882,115.66
1884,115.6
2665,115.57
2018,115.52
7852,115.5
4543,115.47
5181,115.46
4835,115.43
6538,115.4
6443,115.34
9728,115.33000000000001
8467,115.31
7549,115.28999999999999
8980,115.26
8559,115.26
3102,115.1
6458,115.05
8905,115.03
4277,115.01
4949,114.94000000000001
6793,114.82
8018,114.82
7021,114.69999999999999
9423,114.6
7033,114.55
6120,114.55
5909,114.5
4597,114.46
9673,114.41
3429,114.37
7459,114.32
7670,114.29
767,114.23
6640,114.15
4027,114.10999999999999
1417,114.09
4,113.92
31,113.72
4667,113.72
952,113.66
2852,113.64
3903,113.61
4331,113.61
8337,113.51
8566,113.5
6064,113.5
9138,113.45
8167,113.44
9133,113.39
7563,113.33
4465,113.28
7907,113.26
4271,113.26
7424,113.25
7,113.24
9183,113.2
1039,113.14000000000001
3691,113.14
2946,113.13
1083,113.09
5883,113.09
1671,113.08000000000001
8015,113.08
1670,113.06
4630,113.06
392,112.99
6283,112.96
8973,112.95
9120,112.94
9009,112.91
437,112.86
4083,112.82
9103,112.8
3597,112.8
881,112.69
5461,112.66
3247,112.65
3959,112.59
5305,112.59
8745,112.55
9234,112.5
2906,112.49
3114,112.29
7217,112.22
5743,112.19
9974,112.11
550,112.09
629,112.06
8328,112.05
9749,112.04
3937,112.03
1860,112.03
8979,111.95
6193,111.88
6860,111.86
5470,111.84
5521,111.79
1426,111.78
8146,111.73
2505,111.73
3394,111.64
77,111.63
4822,111.48
5029,111.48
6153,111.46
7828,111.45
8293,111.42
4352,111.39999999999999
873,111.37
9177,111.33
7803,111.32
6128,111.29
9998,111.23
929,111.23
5937,111.2
7904,111.19
75,111.12
6886,111.07
8002,111.05
4036,111.02
3356,110.98
9582,110.96
1483,110.94
2432,110.80000000000001
493,110.72
3353,110.63
8383,110.58
1852,110.56
3988,110.51
8426,110.41
9365,110.39000000000001
1533,110.33
7086,110.28
7285,110.25
9620,110.25
597,110.24
5690,110.13999999999999
2733,110.12
4846,110.11
6409,110.1
8321,110.09
6423,110.06
6527,110.03
7418,109.98
2316,109.92999999999999
6935,109.92
3235,109.91
9287,109.89
4823,109.82
7444,109.78
9730,109.64
6642,109.55
6048,109.55
7702,109.47
4193,109.46
4340,109.34
6215,109.33
9213,109.32
2988,109.22
8489,109.16
1024,109.07000000000001
3000,109.04
1650,108.93
8885,108.93
9402,108.92
9331,108.91
9647,108.83
8367,108.76
3651,108.7
9190,108.7
9454,108.64
2097,108.63
5367,108.46
1339,108.42
7531,108.35
609,108.34
133,108.25
7642,108.23
5775,108.22
7417,108.19
1002,108.1
2284,108.07999999999998
3411,108.06
6072,108.01
6662,108.0
1970,107.95
1523,107.9
4192,107.82
7657,107.8
7142,107.78
3285,107.71
1422,107.69
723,107.64
1638,107.57000000000001
4494,107.53
4998,107.42
393,107.4
3563,107.32
656,107.3
2822,107.26
3334,107.24
4834,107.22
5832,107.16
7443,107.13
6361,107.12
2541,107.07
5760,107.04
2037,107.03
9579,107.03
8969,106.98
155,106.97
6277,106.93
3189,106.92
3782,106.91
2085,106.87
7317,106.85
2671,106.85
412,106.79
347,106.74000000000001
3196,106.73
2383,106.69
8778,106.68
7764,106.67
6430,106.66
4959,106.64
4399,106.62
6063,106.61
6210,106.6
7968,106.52
37,106.38
4129,106.36
2689,106.24000000000001
4445,106.22
8717,106.16
7070,106.13
2599,106.1
9912,106.05
3333,105.96
6441,105.91
2650,105.86
9130,105.84
8716,105.68
4228,105.63
4288,105.6
4502,105.58
7072,105.52
3433,105.22
7711,105.21
5549,105.1
2550,105.08
3611,105.06
6021,105.02000000000001
5687,105.02
5251,104.98
4262,104.98
9171,104.95
1288,104.88
1090,104.8
6405,104.74
6986,104.7
6435,104.67
9491,104.67
3015,104.66
5505,104.59
9245,104.56
2623,104.53999999999999
219,104.53
5205,104.47
694,104.27
2804,104.18
2996,104.13
1912,104.09
3739,104.02
2141,103.96
3685,103.92
1163,103.89
8143,103.88
2083,103.83000000000001
9958,103.82
4879,103.79
9455,103.71
3740,103.63
2655,103.55
7327,103.52
2799,103.51
3554,103.46
1172,103.32
8048,103.29
125,103.2
1707,103.2
2868,102.95
6348,102.91
4018,102.85
1012,102.83
8396,102.81
2377,102.76
8212,102.72
2482,102.71
3069,102.68
580,102.62
7194,102.59
8184,102.46
8826,102.45
3882,102.45
7969,102.4
3798,102.36
7706,102.27
9119,102.25
6239,102.23
9686,102.21
2982,102.2
4942,102.19
8107,102.0
6868,101.99
9682,101.97
4829,101.88
1081,101.84
5863,101.82
2911,101.72
2767,101.63
4398,101.61
7606,101.57
3455,101.57
5255,101.53
8619,101.52
7356,101.44
4314,101.43
3294,101.33
5185,101.32
1309,101.3
3620,101.29
1897,101.26
1762,101.21
1130,101.17
7232,101.1
3287,101.06
3817,100.99
7141,100.95
9433,100.88
440,100.85
6712,100.77
500,100.72
6911,100.64
6843,100.64
6876,100.54
1218,100.51
2147,100.49
905,100.42
8970,100.39
856,100.37
3041,100.31
7780,100.29
7742,100.27
3674,100.18
1865,100.18
6492,100.15
3458,100.14
3228,100.08
9373,100.0
2238,99.98
3614,99.92
9922,99.91
1720,99.87
6867,99.81
8893,99.8
1597,99.8
7947,99.68
8662,99.65
1750,99.62
4313,99.56
6565,99.56
1928,99.53
6039,99.53
9379,99.52
7078,99.48
9806,99.44
4858,99.4
7665,99.4
6841,99.39
4464,99.38
3672,99.3
5564,99.26
774,99.22999999999999
6597,99.09
7334,99.07
311,99.06
3819,99.02
2262,98.96
190,98.93
3856,98.8
1705,98.7
4257,98.67000000000002
8523,98.61
9595,98.53
1500,98.51
109,98.43
8872,98.42
4276,98.34
44,98.23
4439,98.18
879,98.07
6244,98.05
6566,98.05
298,97.99000000000001
8178,97.95
7104,97.94
8412,97.82
8732,97.64
5632,97.58
4635,97.51
8070,97.41
6515,97.29
9215,97.28999999999999
3382,97.28
9242,97.28
2687,97.28
3713,97.26
3351,97.23
3097,97.13
1529,97.06
5526,97.0
1235,96.87
4170,96.77
4381,96.76
947,96.7
8289,96.63000000000001
4650,96.63
7514,96.62
8850,96.43
2065,96.4
8959,96.32000000000001
5258,96.28999999999999
1246,96.27
9193,96.16
470,96.15
1164,96.13
9722,96.0
7676,95.92
6567,95.92
6615,95.92
3686,95.89
505,95.82
4747,95.7
6261,95.69
338,95.69
110,95.66
1875,95.64
4723,95.62
7126,95.53
4703,95.52
1794,95.49
9027,95.41
2904,95.4
3031,95.38
9629,95.27
2910,95.23
7955,95.23
9644,95.22
6697,95.19
3665,95.15
2718,95.09
5696,94.8
6260,94.74
9144,94.73
1808,94.61
9515,94.58
303,94.45
5065,94.4
5919,94.33
7618,94.3
484,94.26
4368,94.21
9585,94.21
1302,94.17
1565,94.09
5081,94.09
4964,94.03
7343,94.01
3363,93.96
2887,93.92
7756,93.91
357,93.78
8001,93.73
4405,93.72
253,93.54
4958,93.41
6755,93.37
9948,93.29
5773,93.29
6671,93.24
9789,93.23
239,93.21
3942,93.2
9307,93.18
8253,93.14
6880,93.1
1357,93.02
8817,93.0
5837,92.98
2983,92.82
3990,92.73
2296,92.73
2429,92.72
3012,92.6
1517,92.52
9552,92.41
6013,92.36
5934,92.33
7730,92.3
2024,92.28999999999999
6721,92.28
2636,92.24
4921,92.17
262,92.09
5131,92.09
5125,92.09
1224,92.06
5198,92.03
7511,91.98
6149,91.93
6046,91.86
1452,91.83
4006,91.81
7601,91.78999999999999
2445,91.77
2997,91.66
4019,91.65
9434,91.64
9100,91.56
1945,91.51
9247,91.49
708,91.41
5218,91.39
2938,91.34
3010,91.3
409,91.28
2820,91.26
2101,91.22
4807,91.19999999999999
4120,91.15
6196,90.98
3623,90.95
7253,90.92
8088,90.9
6710,90.85
411,90.85
5446,90.84
6252,90.76
7980,90.75
4172,90.71
6573,90.5
7038,90.49
535,90.45
9721,90.24
9014,90.19
2354,90.12
4927,90.1
1142,90.1
1154,90.06
6885,90.06
587,90.01
8173,90.01
9735,89.99
3134,89.98
5916,89.97
9572,89.97
9763,89.83
6480,89.8
6055,89.77
1185,89.73
4020,89.69
7257,89.61
8460,89.6
9532,89.55
3049,89.53
9646,89.45
9617,89.45
6605,89.37
9350,89.3
3530,89.12
3797,89.08
7091,89.06
4875,89.0
2243,88.9
8246,88.74
2758,88.68
2768,88.68
7406,88.68
5113,88.65
281,88.65
1481,88.64
7519,88.58
1718,88.57
2326,88.56
76,88.44
4282,88.44
1465,88.44
7680,88.41
5703,88.41
2055,88.37
7082,88.36
3759,88.34
9384,88.32
8210,88.31
8357,88.25
2702,88.24
3213,88.23
305,88.21000000000001
8438,88.21
4033,88.2
1086,88.18
6238,88.15
515,88.07
6079,88.06
8999,87.97
9901,87.96
9351,87.95
6236,87.89
1795,87.83
4392,87.71
5967,87.7
6346,87.66
74,87.63
3828,87.55
4051,87.48
2663,87.39
3367,87.33
7673,87.12
8175,87.06
7942,86.91
2950,86.8
2511,86.78
3052,86.71
5013,86.63
610,86.61
9079,86.6
7029,86.58
207,86.51
4497,86.49
4042,86.48
5628,86.39
9588,86.38
697,86.37
7544,86.3
8610,86.29
5841,86.28
4918,86.27000000000001
8295,86.21
1907,86.21
1715,86.18
9761,86.17
1890,86.16
3188,86.08
258,86.06
7939,86.04
1321,85.95
9478,85.94
8712,85.83
1793,85.83
5948,85.73
2331,85.59
1992,85.58
9041,85.57
1341,85.55
3813,85.22
3585,85.17
1617,85.15
8530,85.12
1040,85.12
5439,85.09
8606,85.06
2680,85.05
2674,85.03
8758,85.03
3616,85.02000000000001
3148,85.0
2744,84.99
8644,84.86
2131,84.83
2271,84.78
5009,84.71
679,84.7
6242,84.67
9507,84.62
2923,84.61
9316,84.52
3147,84.5
4148,84.5
4000,84.47
5124,84.46000000000001
415,84.46
8870,84.46
5273,84.36
3706,84.33
9713,84.22
9771,84.2
7898,84.14
9621,84.06
3472,83.99000000000001
8160,83.99
2703,83.95
7548,83.9
9116,83.89
2107,83.89
169,83.81
5539,83.77
7682,83.72
28,83.68
7309,83.68
4057,83.67
5209,83.67
9875,83.62
3347,83.47
1463,83.45
3618,83.44
9249,83.37
6292,83.3
2760,83.28
1870,83.28
4551,83.25
836,83.24
3776,83.23
8958,83.22
7886,83.2
680,83.18
6306,83.13
293,83.12
7322,83.06
8281,83.01
7461,82.89
315,82.88
6704,82.85
7203,82.83
8509,82.81
4717,82.81
5959,82.8
4732,82.78
1734,82.74
852,82.66
3116,82.61
9302,82.6
5896,82.54
3700,82.5
6666,82.46
5548,82.41
1616,82.25
6756,82.22
3105,82.21
6779,82.12
1472,82.08
3275,82.07
1310,82.05
8200,81.99
1839,81.96
6182,81.87
6762,81.87
6858,81.75
5983,81.72
630,81.67
9900,81.6
5064,81.6
1777,81.5
5945,81.3
855,81.26
975,81.26
1625,81.14
1215,81.12
7361,81.05
3543,81.05
1609,81.05
9392,81.04
463,80.97
4847,80.78
402,80.77
6240,80.77
3848,80.76
3784,80.7
2023,80.65
382,80.50999999999999
5152,80.38
8035,80.31
8112,80.25
3257,80.18
2419,80.18
1985,80.14
5459,80.07
7210,79.99
2228,79.97
9940,79.92
5237,79.89
217,79.79
8261,79.53
9743,79.5
9474,79.26
7640,79.24
9483,79.22
5451,79.22
520,79.19
8938,79.16
8011,79.14
7137,79.14
7098,79.13
9687,79.05
6327,79.02
9089,78.95
6703,78.94
2568,78.89
2002,78.87
5616,78.79
4719,78.76
5691,78.75
4064,78.73
614,78.71
3595,78.69
4521,78.67
7636,78.64
8528,78.62
2092,78.58
1169,78.57
9594,78.53
1858,78.44
5196,78.43
1527,78.42
7291,78.4
6359,78.32
7573,78.15
6373,78.12
3634,78.11
1558,78.09
7164,78.06
3919,77.91
5323,77.9
4511,77.79
7281,77.72
8680,77.69
2582,77.65
3074,77.62
809,77.56
1765,77.49
2533,77.48
9463,77.46
4781,77.45
6071,77.44
7023,77.42
1725,77.35
5272,77.35
5221,77.31
9650,77.26
1678,77.21000000000001
7139,77.21
6135,77.2
2373,77.09
3548,77.04
681,77.04
9417,77.0
9451,76.88
7991,76.6
3736,76.57
9835,76.45
3029,76.42
5612,76.35
890,76.32000000000001
5294,76.3
2520,76.29
8371,76.2
5449,76.15
5968,76.14
2393,76.09
6518,76.07
4901,76.05
6949,76.02
7953,75.84
9913,75.74
1474,75.74
1939,75.67
3680,75.67
799,75.6
3503,75.6
3644,75.55
3807,75.51
7933,75.44
3171,75.4
7634,75.39
4893,75.35
7080,75.34
7071,75.3
4510,75.29
2339,75.27
2436,75.27
2160,75.25
8119,75.24
3461,75.22
1296,75.17
2905,75.15
8616,75.12
4632,74.99
8348,74.99
4268,74.97
583,74.96
1624,74.85
5226,74.82
6380,74.8
1381,74.66
1064,74.63
1947,74.62
7916,74.62
8055,74.61
2190,74.55
3219,74.55
8651,74.53
2290,74.49
8078,74.48
105,74.47
7994,74.44999999999999
9611,74.41
5242,74.4
7371,74.36
1370,74.33
9229,74.23
4735,74.22
8531,74.2
9555,74.17999999999999
5667,74.13
4780,74.02
3009,73.93
8873,73.86
4790,73.84
8765,73.84
9377,73.75
4216,73.62
1864,73.59
4663,73.57
7107,73.56
3731,73.54
1354,73.49
2400,73.46000000000001
9118,73.46
4420,73.44
9406,73.33
8457,73.32
1695,73.3
8935,73.2
6142,73.18
7391,73.17
2944,73.16
9293,73.12
9176,73.07000000000001
3535,73.05
2239,73.04
9516,72.96
2869,72.85
2778,72.84
242,72.8
7555,72.73
7169,72.71
9484,72.69
514,72.68
2871,72.67999999999999
6822,72.64
434,72.59
9109,72.47
2779,72.46
5135,72.43
9989,72.41
3494,72.38
5086,72.34
4768,72.33
6691,72.27
1714,72.21
9068,72.2
5171,72.18
7635,72.17
2501,72.01
1155,71.92
339,71.9
1427,71.89
3128,71.89
980,71.84
6637,71.69
1249,71.68
9022,71.66
7081,71.64
3138,71.64
9273,71.63
5683,71.57
8827,71.54
703,71.52
6785,71.5
5287,71.48
7037,71.47
880,71.47
6547,71.36
8378,71.30000000000001
3459,71.23
1935,71.14
6104,71.04
692,71.0
2818,71.0
5000,70.89
2258,70.89
7271,70.88
5214,70.86
1983,70.83
8955,70.83
9666,70.79
5095,70.78
4333,70.76
1588,70.73
291,70.73
9563,70.7
7677,70.65
3088,70.64
6524,70.64
1780,70.63
6139,70.58
6715,70.58
5364,70.57
8416,70.5
3037,70.43
5950,70.43
6732,70.42
8574,70.28
5831,70.28
2227,70.24
4309,70.23
8684,70.22
919,70.14
7061,70.09
139,70.05
8255,69.98
9207,69.83
2955,69.81
7826,69.73
7864,69.7
2625,69.69
5813,69.66
9957,69.62
8837,69.59
5039,69.52
7054,69.51
9518,69.49
2801,69.48
9496,69.44
5458,69.43
396,69.42
5341,69.36
8600,69.36
1902,69.35
2011,69.34
8476,69.3
1112,69.24
7689,69.2
1998,69.07
261,69.07
9261,69.06
3853,69.03
4804,69.02
1677,68.94
1011,68.92
1015,68.9
9063,68.89
8648,68.85
6593,68.8
1399,68.77
9626,68.76
8083,68.73
106,68.71
5293,68.71
2264,68.66
7637,68.65
6741,68.59
9909,68.58
5645,68.58
6889,68.56
940,68.53
9211,68.5
3220,68.44
5444,68.36
6692,68.33
9221,68.33
7788,68.29
8217,68.27
7414,68.24
2,68.2
5946,68.11
1975,68.08
8019,68.08
5134,68.07
4009,68.05
457,68.0
5365,67.87
8435,67.67
4422,67.67
7946,67.55
620,67.54
8707,67.53
8923,67.52
4503,67.52
1018,67.52
6108,67.48
5807,67.48
3056,67.47
6473,67.28
9226,67.21
2853,67.02
304,67.02
3463,66.86
1213,66.86
6837,66.85
8335,66.78
5777,66.66
633,66.57
324,66.56
8694,66.53
6222,66.5
8347,66.44
8890,66.38
4973,66.37
5442,66.1
7773,66.07
5057,66.05
8688,66.04
8756,66.03
802,65.99000000000001
4471,65.99
9568,65.98
5882,65.93
7076,65.89999999999999
9903,65.75
2078,65.72
9663,65.64
1977,65.6
4231,65.59
8558,65.52
3791,65.49
7467,65.48
8418,65.46
4407,65.25
9698,65.16
3117,65.09
9111,65.08
433,65.07
8911,65.03
2883,65.03
1149,64.98
8177,64.9
3466,64.87
4055,64.84
4344,64.75
7829,64.73
1830,64.68
9006,64.61
521,64.6
3549,64.56
4294,64.54
9414,64.44
7799,64.35
2045,64.32
8956,64.29
3277,64.28
2112,64.28
2185,64.23
4908,64.2
8965,64.16
7412,64.05
9980,64.04
3370,63.93
5956,63.91
2676,63.89
2570,63.82
5076,63.81
9449,63.78
8133,63.72
1881,63.699999999999996
1290,63.67
6630,63.66
4956,63.66
8256,63.58
2631,63.54
803,63.53
4808,63.42
4704,63.42
6563,63.4
8842,63.4
2246,63.370000000000005
2025,63.37
2669,63.34
8852,63.1
8136,63.07
6487,63.06
2048,63.04
9399,62.92
3896,62.88
306,62.85
4323,62.84
1704,62.769999999999996
231,62.68
8605,62.64
2900,62.56
2681,62.47
2139,62.47
8527,62.29
745,62.28
7793,62.26
4012,62.22
1014,62.13
7550,62.11
2176,62.07
1393,62.04
1199,62.01
7664,62.01
3358,61.95
2513,61.93
5554,61.93
1004,61.92
9008,61.9
2899,61.87
2203,61.84
2189,61.82
9017,61.81
2394,61.8
6107,61.78
2360,61.78
5804,61.77
7883,61.72
5149,61.66
1089,61.65
9155,61.6
7299,61.54
3767,61.51
71,61.33
3523,61.31
1898,61.25
332,61.23
5561,61.21
56,61.19
3794,61.15
936,61.11
3870,61.02
526,61.01
1197,60.91
9794,60.86
9024,60.86
5122,60.84
3699,60.66
5097,60.61
1389,60.53
3951,60.43
9634,60.38
5239,60.239999999999995
8065,60.19
9034,60.17
5260,60.17
1539,60.11
3441,60.1
1421,60.1
5473,59.96
1915,59.96
22,59.91
2495,59.9
3769,59.89
925,59.81
5371,59.8
1173,59.78
4546,59.74
478,59.71
2717,59.67
5920,59.61
7337,59.58
4089,59.55
924,59.54
8207,59.42
4907,59.38
1044,59.21
1618,59.17
918,59.17
1464,59.15
4254,59.15
3785,59.13
9717,59.05
9290,58.88
6847,58.81
9321,58.81
2580,58.8
6709,58.67
5100,58.65
1037,58.52
2615,58.52
7952,58.42
4859,58.34
7422,58.33
2856,58.2
9370,58.13
7036,58.12
5597,58.07
9078,57.97
1332,57.95
946,57.79
6205,57.76
3997,57.74
4215,57.66
2927,57.64
2488,57.47
7398,57.46
9906,57.42
6842,57.35
9591,57.33
9562,57.32
4943,57.32
6172,57.3
6354,57.29
1134,57.29
8202,57.25
9419,57.2
4290,57.17
450,57.15
8865,57.11
5021,57.08
2452,57.04
7802,57.0
5464,57.0
5537,56.96
9362,56.93
4789,56.85
6457,56.79
277,56.79
8815,56.76
2600,56.62
335,56.61
5040,56.59
4520,56.58
5757,56.5
6194,56.41
2163,56.31
6850,56.24
4131,56.18
7604,56.14
7367,56.12
8030,56.09
8320,56.09
7997,56.07000000000001
7576,56.05
5938,56.04
4075,55.89
5649,55.88
5976,55.86
1578,55.83
547,55.78
1131,55.67
5631,55.62
5353,55.5
8349,55.47
19,55.43
3416,55.43
3884,55.39
4084,55.34
5723,55.31
5524,55.29
6235,55.28
2850,55.26
693,55.25
3209,55.2
4348,55.18
9295,55.1
4791,55.01
6655,54.97
1041,54.96
6733,54.85
5929,54.8
9136,54.78
4402,54.73
1682,54.66
956,54.5
2912,54.42
7304,54.34
1021,54.3
6552,54.18
4486,54.12
3282,54.1
9988,54.09
9972,54.05
3077,54.04
8223,54.02
8023,53.94
3981,53.87
6454,53.77
8470,53.73
6011,53.54
2593,53.42
6424,53.37
6274,53.33
2242,53.29
6943,53.22
4498,53.13
3690,53.01
821,53.01
5414,52.88
1556,52.87
9712,52.85
8709,52.85
8706,52.81
373,52.81
1838,52.76
466,52.7
4831,52.64
7032,52.55
3345,52.51
8697,52.47
2791,52.45
9357,52.43
1562,52.38
5423,52.33
719,52.28
4666,52.17
2388,52.12
7988,52.06
9167,52.06
1285,52.01
5915,51.94
4034,51.93
3649,51.91
1272,51.91
1814,51.8
4779,51.79
8971,51.75
9341,51.67
7499,51.58
5223,51.57
4237,51.54
6648,51.53
8997,51.47
5148,51.46
5269,51.44
7638,51.42
269,51.29
8205,51.26
7848,51.24
2707,51.22
1978,51.21
3735,51.07
5486,51.07
7437,50.81
7211,50.73
4411,50.68
7516,50.59
4702,50.58
6857,50.56
2223,50.55
3181,50.49
3979,50.47
3387,50.42
9731,50.36
3482,50.36
6644,50.269999999999996
454,50.24
1038,50.23
4974,50.17
4480,50.16
8659,50.13
4733,50.11
6958,50.08
3338,50.01
2020,49.96
8604,49.9
9638,49.8
9885,49.79
6250,49.64
4622,49.6
7119,49.49
3313,49.48
8258,49.42
1240,49.4
4355,49.38
1454,49.23
3240,49.2
4501,49.18
4910,49.15
9473,49.03
8424,48.84
5891,48.81
3637,48.79
6881,48.79
3712,48.73
6099,48.67
442,48.67
8338,48.63
561,48.63
1499,48.6
9800,48.53
953,48.42
2425,48.31
4291,48.3
4814,48.3
1760,48.15
1159,48.12
9910,48.11
8853,48.07
4860,48.07
7723,48.05
4013,47.99
33,47.87
8455,47.77
1766,47.73
8829,47.67
4138,47.62
8149,47.54
2830,47.53
3696,47.45
6702,47.33
7213,47.31
4002,47.28
4150,47.16
589,47.12
3796,47.1
111,47.1
3421,47.07
8950,46.93
6934,46.85
8819,46.82
5482,46.8
8726,46.71
9805,46.65
1853,46.63
8445,46.51
3600,46.51
7903,46.5
5608,46.47
8886,46.41
9877,46.33
8080,46.29
4610,46.26
3328,46.21
2136,46.14
8775,45.99
1900,45.980000000000004
546,45.96
3557,45.95
2414,45.93
7157,45.89
5510,45.88
9967,45.81
2527,45.8
2341,45.76
5276,45.72
5114,45.69
6355,45.65
6815,45.62
8021,45.62
3302,45.55
670,45.53
5582,45.35
6049,45.3
1732,45.25
3608,45.23
8366,45.18
3023,45.07
6585,44.98
2640,44.96
237,44.9
2145,44.82
9929,44.71
4310,44.7
2807,44.67
9684,44.66
7220,44.6
8190,44.55
2100,44.54
7158,44.52
431,44.51
618,44.41
9868,44.39
192,44.38
6321,44.37
3908,44.31
9525,44.3
8992,44.29
2999,44.27
5008,44.26
2809,44.19
35,44.13
2010,44.07
6598,44.03
4077,44.03
9975,44.02
9606,43.91
1019,43.86
2743,43.68
7348,43.68
4854,43.68
1891,43.68
2323,43.62
1084,43.53
9110,43.49
8769,43.43
2191,43.33
8074,43.29
4346,43.15
8515,43.13
1327,43.12
8079,43.11
4934,43.1
1349,43.07
9658,43.0
3409,42.91
5818,42.88
3830,42.75
4484,42.74
6068,42.63
3191,42.52
9838,42.44
1934,42.43
6863,42.4
711,42.4
9073,42.35
6622,42.32
6356,42.29
672,41.98
9941,41.92
8722,41.87
1440,41.87
8567,41.86
5389,41.78
4270,41.75
8475,41.74
1439,41.7
8282,41.62
3044,41.59
2611,41.58
5933,41.55
6296,41.32
3783,41.29
9252,41.21
8365,41.2
3522,41.17
6164,41.17
3865,41.15
9590,41.13
8796,41.11
4731,41.09
2313,41.07
5210,41.07
4916,41.06
5263,41.05
1177,41.04
2929,41.03
8013,40.75
60,40.7
6165,40.68
5211,40.67
4508,40.62
8539,40.62
3315,40.58
7913,40.57
5581,40.57
5447,40.42
5570,40.39
8098,40.37
9977,40.3
8611,40.29
9513,40.28
3792,40.27
8232,40.24
9636,40.17
7047,40.15
4805,40.13
5795,40.11
9570,40.07
9240,40.07
8647,39.84
9265,39.8
7605,39.78
186,39.77
8729,39.76
2535,39.75
2458,39.53
6590,39.53
1078,39.5
3757,39.38
1303,39.34
2162,39.34
9099,39.3
5756,39.28
2884,39.24
6084,39.21
8462,39.18
3965,39.12
9528,39.11
499,39.1
6325,38.93
9567,38.89
8848,38.87
2824,38.86
5118,38.85
9790,38.79
9492,38.77
5084,38.63
5693,38.63
7240,38.6
7469,38.44
7051,38.37
4892,38.35
3993,38.17
7162,38.16
8170,38.15
9799,38.15
8495,38.14
7835,38.1
8615,37.98
1784,37.93
3877,37.88
1416,37.81
9888,37.8
4229,37.79
2276,37.72
4334,37.63
7003,37.62
9336,37.52
3295,37.51
225,37.41
6093,37.33
5038,37.28
7022,37.09
2561,36.96
9734,36.95
9329,36.7
9383,36.68
7774,36.67
4146,36.64
6308,36.6
413,36.6
3633,36.57
4023,36.54
757,36.49
7261,36.480000000000004
998,36.4
2220,36.35
3267,36.28
4373,36.22
8894,36.21
7925,36.2
6970,36.08
9364,36.07
3808,36.06
7491,36.03
4559,35.93
2235,35.83
5342,35.83
5588,35.76
8122,35.68
2990,35.59
3269,35.52
654,35.51
7808,35.43
4664,35.42
9642,35.41
7274,35.34
3296,35.28
7026,35.26
7473,35.23
5035,35.23
1901,35.22
5656,35.21
6074,35.21
9282,35.18
9450,35.13
312,35.1
3426,35.09
896,35.07
2794,35.03
4141,34.97
1219,34.96
1487,34.95
849,34.92
9071,34.91
635,34.9
9593,34.88
32,34.82
9932,34.76
20,34.75
5794,34.71
5050,34.63
39,34.62
9121,34.56
3266,34.51
2949,34.48
2558,34.45
1451,34.44
6699,34.4
8250,34.39
1693,34.36
9505,34.35
748,34.33
7564,34.29
117,34.29
2925,34.26
1981,34.2
9586,34.11
2626,34.1
6334,34.05
4932,33.9
3067,33.76
8343,33.76
5824,33.7
8795,33.7
4296,33.69
1028,33.66
2196,33.58
2245,33.53
8410,33.34
7626,33.26
1482,33.26
2881,33.18
6714,33.13
6340,33.05
3836,33.04
6555,33.03
2563,33.01
660,32.94
7199,32.82
4079,32.78
4443,32.7
2251,32.63
8270,32.51
6262,32.51
6418,32.39
41,32.24
5571,32.22
6284,32.22
6937,32.06
2261,32.01
3243,32.0
1586,31.96
8199,31.78
7066,31.74
6219,31.74
2987,31.68
4366,31.58
8792,31.51
4689,31.5
8772,31.36
4815,31.32
8437,31.27
4096,31.26
5318,31.25
4623,31.16
1653,31.15
3073,31.1
8537,31.09
2693,31.09
4467,30.99
4631,30.88
7308,30.48
129,30.47
6083,30.42
8067,30.41
4904,30.36
7809,30.29
2551,30.24
4786,30.15
8625,30.03
3553,30.0
308,29.88
7623,29.84
4087,29.81
5610,29.76
9657,29.74
235,29.66
9876,29.63
9104,29.6
7926,29.47
7247,29.46
3402,29.43
6122,29.42
1305,29.41
4219,29.39
1313,29.27
5965,29.26
5338,29.09
2074,29.08
9656,29.05
2053,28.92
4642,28.77
9775,28.75
8596,28.67
6386,28.58
826,28.58
9426,28.56
842,28.53
4028,28.45
2068,28.45
7159,28.28
2844,28.28
1863,28.229999999999997
2155,28.17
7507,28.17
100,28.14
6186,28.12
9013,28.05
4870,27.99
4221,27.95
3514,27.78
5285,27.64
2736,27.62
4537,27.59
2287,27.58
2469,27.52
6760,27.51
7842,27.46
8871,27.44
5530,27.4
7747,27.38
5575,27.33
4362,27.25
6154,27.1
1108,27.04
5053,27.03
9043,27.02
5577,26.93
4926,26.93
7362,26.91
7272,26.84
8679,26.82
7729,26.79
3306,26.78
8496,26.77
3509,26.58
5769,26.58
9064,26.45
9950,26.43
1468,26.4
7908,26.36
7342,26.28
5673,26.22
5500,26.07
5874,25.97
1710,25.84
4659,25.81
6846,25.76
4441,25.74
1298,25.73
4304,25.72
8939,25.71
3888,25.65
6718,25.62
9175,25.55
1626,25.28
2643,25.12
5132,25.09
8699,25.07
8779,25.06
869,24.99
2003,24.96
5908,24.95
4408,24.89
960,24.88
7990,24.82
7429,24.82
6946,24.78
1318,24.76
3917,24.72
859,24.7
6,24.64
7726,24.62
3166,24.61
988,24.57
8087,24.57
9286,24.5
9444,24.5
3208,24.49
9310,24.48
4728,24.41
3274,24.4
4184,24.35
8391,24.27
1073,24.26
4529,24.24
4127,24.14
5585,24.06
482,24.02
4259,24.0
871,23.95
6132,23.95
8241,23.89
3310,23.81
5877,23.77
5557,23.74
683,23.66
5879,23.54
8434,23.54
9990,23.46
1404,23.35
6532,23.33
7312,23.32
6241,23.23
6212,23.2
1818,23.17
3913,23.11
8404,23.11
9169,23.1
2154,23.08
7569,23.07
1492,23.01
7030,22.99
6393,22.98
1366,22.9
6588,22.88
3397,22.84
2509,22.73
1257,22.71
4040,22.7
2857,22.52
5517,22.51
2428,22.37
4118,22.32
1538,22.21
5457,22.14
4849,22.14
4105,22.14
1141,22.08
5266,22.01
3727,21.97
5634,21.93
5816,21.87
991,21.71
4455,21.67
5207,21.61
6489,21.54
301,21.53
2448,21.51
7009,21.45
5573,21.42
7105,21.41
5121,21.41
9318,21.33
653,21.33
3200,21.25
176,21.13
4110,21.08
5087,21.07
4700,21.06
1189,21.03
2939,21.02
6780,20.91
6794,20.85
5280,20.66
5017,20.64
1488,20.6
3492,20.6
1965,20.49
8877,20.47
1807,20.47
8317,20.4
6350,20.32
6680,20.31
6624,20.26
8678,20.25
4884,20.17
2811,20.11
1571,20.0
1821,19.93
6873,19.83
9725,19.8
7359,19.77
2907,19.74
9051,19.74
2194,19.66
6991,19.65
5254,19.61
2714,19.61
3499,19.48
6807,19.48
3992,19.45
3024,19.37
913,19.35
1592,19.31
3599,19.24
787,19.06
939,18.99
8710,18.94
2299,18.88
6674,18.86
2993,18.71
2789,18.7
4877,18.69
5407,18.6
9074,18.35
3602,18.23
7669,18.22
6445,18.2
8128,18.17
3357,18.03
9225,17.95
9587,17.87
7719,17.8
7588,17.77
9188,17.68
7024,17.62
9514,17.54
288,17.49
6094,17.48
6522,17.47
5535,17.44
7559,17.37
4722,17.32
6289,17.31
7460,17.3
4624,17.16
4839,17.15
7165,17.08
2122,17.02
8822,16.94
5493,16.91
4256,16.86
4468,16.86
7923,16.74
3967,16.7
7577,16.62
375,16.59
7822,16.59
9867,16.57
9612,16.54
6499,16.49
230,16.47
4857,16.44
5489,16.4
9004,16.27
126,16.24
8747,16.16
6057,16.15
8341,16.09
4930,16.08
7889,16.06
7545,16.05
4287,16.04
5949,15.96
8542,15.87
8356,15.8
5343,15.79
3173,15.77
529,15.72
6578,15.68
2969,15.6
7973,15.52
6338,15.52
3089,15.4
5782,15.4
137,15.37
3581,15.37
5307,15.24
1181,15.24
1281,15.05
3121,14.97
8583,14.95
2304,14.87
2886,14.7
2932,14.67
2417,14.67
8116,14.65
504,14.64
2503,14.62
3627,14.58
5901,14.48
5776,14.45
5865,14.41
706,14.36
3648,14.33
4674,14.3
9035,14.24
1868,14.06
198,14.06
9795,13.93
9556,13.88
5297,13.87
1457,13.83
377,13.79
8821,13.62
8932,13.59
3083,13.58
267,13.54
2292,13.48
7895,13.46
9502,13.37
722,13.28
2384,13.24
3464,13.19
8114,13.12
1771,13.04
5184,12.86
7754,12.65
9945,12.52
7940,12.45
4986,12.4
1259,12.31
9641,12.26
8557,12.2
1645,12.16
6381,12.05
798,12.05
2158,12.04
1005,11.99
5235,11.98
2404,11.96
8421,11.92
9991,11.77
313,11.76
8409,11.74
3927,11.67
6535,11.53
1809,11.53
5296,11.52
664,11.45
1261,11.43
9677,11.31
6496,11.27
5555,11.21
9770,11.2
2311,11.13
7256,11.06
6619,11.05
9855,10.99
8038,10.9
3957,10.73
2774,10.71
5984,10.61
7881,10.59
4646,10.58
2876,10.56
5375,10.52
5358,10.52
2556,10.49
8977,10.46
6558,10.43
8940,10.38
170,10.19
2916,10.15
6336,10.09
6602,10.09
7447,10.06
893,10.05
1580,10.03
9394,10.03
